,WORD,FREQ
0,NUMBER,1438
1,LIEB,988
2,ALL,452
3,NACHT,417
4,NUR,375
5,WELT,356
6,LEB,353
7,FUR,311
8,SCHON,300
9,WILL,297
10,NOCH,297
11,HERZ,256
12,TAG,248
13,WIED,231
14,LIED,227
15,MANN,221
16,IMM,218
17,KLEIN,202
18,GEH,194
19,STERN,190
20,WEG,185
21,OHN,172
22,LANG,171
23,GEHT,163
24,ALLEIN,154
25,GUT,147
26,GEIL,144
27,GANZ,143
28,LICHT,138
29,KOPF,137
30,SOLL,133
31,LASS,128
32,NAM,126
33,MEHR,126
34,TRAUM,125
35,HEUT,124
36,NIE,123
37,LETZT,123
38,JETZT,117
39,KANN,115
40,DOCH,114
41,SONG,112
42,MAL,109
43,MAMA,109
44,WEISS,108
45,BLAU,103
46,HIER,102
47,SINGL,100
48,LEBT,99
49,WOLK,99
50,UBER,98
51,SONN,98
52,FLIEG,96
53,HALT,96
54,JUNG,96
55,BLEIB,94
56,MY,93
57,ROLL,93
58,ALT,93
59,JAHR,91
60,UNT,90
61,SCHLUMPF,88
62,ENGEL,88
63,BYE,87
64,FREI,86
65,MADCH,84
66,KOMM,84
67,GIRL,84
68,WEISST,83
69,EINMAL,83
70,TRAN,82
71,KUSS,82
72,LOV,82
73,ATEMLOS,82
74,WEIN,81
75,AUG,79
76,KOMMT,78
77,SOMM,77
78,SCHWARZ,77
79,TRAGT,77
80,SEHNSUCHT,76
81,GEHST,76
82,TANZ,76
83,AHA,75
84,FRAU,75
85,GOTT,74
86,MUSST,73
87,BLEIBT,73
88,SAG,73
89,AND,71
90,MANCHMAL,70
91,BISSCH,70
92,GIBT,70
93,HOCH,70
94,JA,70
95,IRGENDWANN,70
96,FREUND,69
97,GOLD,69
98,HIMMEL,69
99,BITT,68
100,NEU,68
101,AMOR,67
102,MORG,67
103,GEBOR,66
104,BRENNT,66
105,OH,65
106,GIB,65
107,ZURUCK,65
108,MARIA,64
109,LAND,64
110,BERG,63
111,THE,63
112,KENN,62
113,KRIEG,62
114,HURRA,61
115,ERST,60
116,BAUCH,59
117,VERMISS,59
118,DING,58
119,RETT,57
120,IRGENDWO,57
121,PAPA,57
122,FEIERN,57
123,ZWEI,55
124,VIEL,55
125,MTV,55
126,DON,54
127,GETRAUMT,54
128,MACH,54
129,FEU,54
130,BEST,54
131,DR,54
132,HOLZMICHL,54
133,MILLION,54
134,APPLAUS,54
135,SIEB,53
136,DEUTSCH,53
137,SCHWEIN,53
138,BERLIN,53
139,YOU,52
140,MACHO,52
141,KIND,52
142,BORA,52
143,WE,51
144,VERSION,51
145,IRGENDWI,51
146,DEUTSCHLAND,51
147,JED,51
148,PARADI,51
149,STUND,50
150,STIMM,50
151,LILA,50
152,STERB,49
153,SCHREI,49
154,LEID,49
155,LA,48
156,VERDAMMT,48
157,IT,48
158,ANGST,48
159,MARTIN,48
160,WILD,47
161,FEST,47
162,GROSS,47
163,SPIEL,47
164,STILL,47
165,DI,46
166,STADT,46
167,LIV,46
168,UNPLUGGED,46
169,ROS,45
170,GEHN,45
171,GLAUB,45
172,ABEND,45
173,AU,45
174,REVOIR,45
175,BIER,44
176,PERFEKT,44
177,HOR,44
178,MOCHT,44
179,HULAPALU,44
180,MANUEL,43
181,SAMSTAG,43
182,ROT,43
183,EASY,43
184,END,43
185,HAUT,43
186,ABSCHIED,42
187,SAN,42
188,JE,42
189,HEY,42
190,NIMM,42
191,ANNA,42
192,STARK,42
193,PALM,42
194,TEAM,42
195,INSEL,41
196,SCHEISS,41
197,VORBEI,41
198,TEIL,41
199,BILD,41
200,HERZILEIN,41
201,VERLI,41
202,VERLOR,41
203,VERGESS,41
204,LACHT,41
205,GRAD,40
206,HOLL,40
207,TURLICH,40
208,GEFUHL,40
209,SCHAFF,40
210,TUR,39
211,ADIOS,39
212,SCHLAF,39
213,GAR,39
214,ERD,39
215,HAUS,39
216,DREI,39
217,LOS,39
218,HALLO,38
219,VAT,38
220,SELB,38
221,SEH,38
222,FIEB,38
223,NE,38
224,JEANNY,37
225,DICK,37
226,BRAUCH,37
227,GERN,37
228,WAG,37
229,KOMPLIMENT,37
230,MA,37
231,KURZ,37
232,MOND,36
233,BEID,36
234,MENSCH,36
235,VERLIEBT,36
236,ARSCH,36
237,PS,36
238,SCHAU,35
239,RAP,35
240,PART,35
241,JEIN,35
242,MAG,35
243,ROBOT,35
244,STEHT,35
245,REG,35
246,UHR,35
247,TILIDIN,35
248,UBERMORG,35
249,HAND,34
250,WEH,34
251,AMO,34
252,OLÉ,34
253,BAD,34
254,NEIN,34
255,FLIEGERLIED,34
256,BEAUTIFUL,34
257,ASTRONAUT,34
258,NENN,34
259,SKANDAL,33
260,BE,33
261,ZEIG,33
262,ZUR,33
263,ERINNER,33
264,SCHLOSS,33
265,KONNT,33
266,TANZT,33
267,LORRAIN,33
268,MUD,33
269,NIGHT,33
270,KM,33
271,PAAR,32
272,SPERRBEZIRK,32
273,CALLING,32
274,WUNSCH,32
275,RUFT,32
276,COMPUTERLIEB,32
277,HATT,32
278,NIEMAL,32
279,WELL,32
280,WEIT,32
281,ONE,32
282,PLASTIK,32
283,RUF,31
284,BESCHEID,31
285,FLUGZEUG,31
286,LEIS,31
287,WUND,31
288,GLUCK,31
289,HAUSHALT,31
290,SAGT,31
291,BENZ,31
292,PARIS,31
293,BRUCK,30
294,RUFST,30
295,ANTON,30
296,TIROL,30
297,TAK,30
298,ECHT,30
299,GLAS,30
300,VIELLEICHT,30
301,FAUST,30
302,SUPA,30
303,RICHI,30
304,FRUH,30
305,FRUHSTUCK,30
306,GESAGT,30
307,UNEND,30
308,BESS,30
309,IRGENDWAS,30
310,FLASH,30
311,LIEBLINGSMENSCH,30
312,WACH,30
313,LUCILL,29
314,SANTA,29
315,ENGLEIN,29
316,MAJOR,29
317,TOM,29
318,MAUS,29
319,FLUT,29
320,WISH,29
321,NEHM,29
322,GESCHEH,29
323,BRAUCHT,29
324,BAU,29
325,MASCHIN,29
326,JUMP,29
327,DJ,29
328,MONSTA,29
329,UNTERWEG,29
330,DABEI,28
331,WIND,28
332,ATH,28
333,COPACABANA,28
334,MUTT,28
335,SEX,28
336,LEUCHTTURM,28
337,DENK,28
338,EISBAR,28
339,PLANET,28
340,COWBOY,28
341,LIEG,28
342,SUSI,28
343,ZENSIERT,28
344,TI,28
345,KATHARIN,28
346,DISCO,28
347,POGO,28
348,AUGENBLING,28
349,NUMM,28
350,HOBBY,28
351,BLUE,27
352,NORDSEEKUST,27
353,MAUL,27
354,BON,27
355,SUD,27
356,STRAND,27
357,SCHATT,27
358,JOE,27
359,VERLIEB,27
360,MIO,27
361,BLOCK,27
362,ARM,27
363,SCHUL,27
364,GEWINN,27
365,FAM,27
366,BAYOU,26
367,FRAGT,26
368,KOMMISSAR,26
369,SUSS,26
370,PIEP,26
371,ISCH,26
372,BESUCH,26
373,WUNSCHT,26
374,REIT,26
375,PATRONA,26
376,BAVARIA,26
377,EGAL,26
378,HAMST,26
379,ON,26
380,BENZIN,26
381,AMOI,26
382,SEG,26
383,EISKALT,26
384,LOUIS,26
385,KID,26
386,MELODI,26
387,RUN,26
388,TEDDYBAR,25
389,VIER,25
390,TALK,25
391,ANYMOR,25
392,SCHICKERIA,25
393,LUFTBALLON,25
394,FLAMM,25
395,TANGO,25
396,TAT,25
397,OF,25
398,BABY,25
399,DACH,25
400,FISCH,25
401,EINSAM,25
402,SEHN,25
403,HAMMA,25
404,CITY,25
405,NEYMAR,25
406,TAUSEND,25
407,VINCENT,25
408,MADONNA,25
409,SOMMERGEWITT,25
410,KREUZBERG,24
411,ENTSCHULD,24
412,FRIED,24
413,SAMURAI,24
414,MILLIONAR,24
415,SEXY,24
416,GRUSS,24
417,SCHULD,24
418,STEH,24
419,FRANKREICH,24
420,LADY,24
421,TUUT,24
422,NEW,24
423,YORK,24
424,REPARI,24
425,BALL,24
426,DREHT,24
427,CELLO,24
428,AHNMA,24
429,KOKAINA,24
430,PRIMO,24
431,NIPPEL,23
432,PROVENC,23
433,BLUHEND,23
434,MOG,23
435,ZEHN,23
436,OUT,23
437,DARK,23
438,MUSIK,23
439,SCHNAPPI,23
440,KROKODIL,23
441,BRENN,23
442,ALOHA,23
443,HEJA,23
444,HE,23
445,SCHLAFT,23
446,HAN,23
447,EISZEIT,23
448,ZIEH,23
449,EINFACH,23
450,PFLAST,23
451,KING,23
452,SOLDAT,23
453,SEÑORITA,23
454,CARBONARA,22
455,KLAUS,22
456,WU,22
457,ZRUCK,22
458,HEISST,22
459,GEKLAUT,22
460,EWIG,22
461,VERPISS,22
462,RICHTIG,22
463,SYMPHONI,22
464,ERDBEERMUND,22
465,SPASS,22
466,ROM,22
467,BA,22
468,KLAR,22
469,HER,22
470,LEGEND,22
471,OFT,22
472,MARLE,22
473,LEON,22
474,FASS,22
475,STARLIGHT,22
476,NIX,22
477,BRINGT,22
478,HOLZ,22
479,ZUSAMM,22
480,CASANOVA,22
481,DIOR,22
482,DICHT,22
483,POWERAD,22
484,ANITA,21
485,ROSEMARI,21
486,JENSEIT,21
487,EDEN,21
488,SASCHA,21
489,AUFRECHT,21
490,RAUS,21
491,GEBT,21
492,STERNENHIMMEL,21
493,VERRUCKT,21
494,ZUHAUS,21
495,VOLL,21
496,ZUG,21
497,BABYLON,21
498,TEUFEL,21
499,SAMBA,21
500,GENUG,21
501,SPAT,21
502,CAPTAIN,21
503,SEEL,21
504,CHOR,21
505,TATTOOS,21
506,MARY,21
507,TUST,21
508,EMOTION,21
509,MAD,21
510,ARRIVEDERCI,20
511,CLAIR,20
512,TU,20
513,WISS,20
514,BEINHART,20
515,SIEH,20
516,JAGERMEIST,20
517,HEART,20
518,EMANUELA,20
519,VERDAMP,20
520,JUAN,20
521,HERBERT,20
522,TAUB,20
523,FRAG,20
524,WURD,20
525,LIEBT,20
526,ERINNERST,20
527,SCHENK,20
528,JAJA,20
529,BREAK,20
530,GEFRAGT,20
531,FACETIM,20
532,STANDARD,20
533,BENZEMA,20
534,BLAULICH,20
535,FREESTYL,20
536,WEST,19
537,POLONAS,19
538,BLANKENES,19
539,VOLLIG,19
540,LOSGELOST,19
541,BAYRISCH,19
542,KOK,19
543,FEHL,19
544,ZAUBERSTAB,19
545,VERBOT,19
546,LASSMICHREIN,19
547,LASSMICHRAUS,19
548,TAXI,19
549,SORG,19
550,QUIZ,19
551,GOETH,19
552,BLOND,19
553,HIMBEEREIS,19
554,GIANNA,19
555,AUTO,19
556,SAND,19
557,MONSUN,19
558,MOLEKUL,19
559,FING,19
560,ALI,19
561,MAGISCH,19
562,YAPMA,19
563,BLUH,18
564,BUENOS,18
565,DIAS,18
566,ARGENTINA,18
567,SOMMERSPROSS,18
568,BRUTTOSOZIALPRODUKT,18
569,SCHUND,18
570,FIND,18
571,SHIT,18
572,EGOIST,18
573,SIEHT,18
574,BRUD,18
575,HERZBEB,18
576,MITTERNACHT,18
577,ZOOM,18
578,TASCHENLAMP,18
579,NOCHMAL,18
580,BONNI,18
581,CLYD,18
582,MODEL,18
583,BY,18
584,NATUR,18
585,KRIBBELN,18
586,PAN,18
587,DENKMAL,18
588,LE,18
589,LU,18
590,JOANA,18
591,FREU,18
592,BLOSS,18
593,ELOISA,18
594,WIEDERSEH,18
595,TUT,18
596,SOWIESO,18
597,TARZAN,18
598,GERMANY,18
599,VIVA,18
600,PRINZESSCH,18
601,KUSCHEL,18
602,SPRACH,18
603,WHATEV,18
604,STAND,18
605,LOST,18
606,SKIFAHR,18
607,SPATI,18
608,LAYLA,18
609,ALIC,17
610,LORELEY,17
611,SENNERIN,17
612,KONIGSE,17
613,TRUMPF,17
614,FRAGEZEICH,17
615,DONG,17
616,MIEF,17
617,STINK,17
618,TRAG,17
619,WARNUNG,17
620,GELD,17
621,TROY,17
622,ALEX,17
623,SONDERZUG,17
624,PANKOW,17
625,BLECH,17
626,LAURA,17
627,JAN,17
628,NORDISCH,17
629,REGN,17
630,POLIZIST,17
631,GOOD,17
632,INDIAN,17
633,JOSY,17
634,BABI,17
635,KA,17
636,FRED,17
637,ET,17
638,MEI,17
639,ANTH,17
640,DIEN,17
641,MUSS,17
642,GESEH,17
643,FREIHEIT,17
644,UP,17
645,HIT,17
646,HELD,17
647,CHING,17
648,BUCK,17
649,PROBL,17
650,PLAN,17
651,AIRWAV,17
652,DARF,17
653,ALBANY,16
654,CODO,16
655,DUS,16
656,SAUSESCHRITT,16
657,HELLO,16
658,AGAIN,16
659,SCHARF,16
660,SCHWERT,16
661,MONAT,16
662,KURT,16
663,BOOMERANG,16
664,DAVON,16
665,STEUERSONG,16
666,LAS,16
667,KANZL,16
668,STAR,16
669,EL,16
670,LUT,16
671,KLINGT,16
672,FEIERAB,16
673,VERZEIH,16
674,ANDERT,16
675,ZIEHN,16
676,DAV,16
677,DUDLEY,16
678,JUPIT,16
679,EUR,16
680,DANC,16
681,DOLL,16
682,MON,16
683,VIRUS,16
684,WOLLT,16
685,PRISON,16
686,REDN,16
687,SCHLUSS,16
688,INTRO,16
689,AMG,16
690,PRINZESSA,16
691,TREPPENHAUS,16
692,BELGISCH,16
693,VIERTEL,16
694,BAND,15
695,FOR,15
696,GEFREUT,15
697,MR,15
698,SCHWEST,15
699,SANDSTORM,15
700,HIN,15
701,CRUIS,15
702,GEBROCH,15
703,WELCH,15
704,SCHIMANSKI,15
705,FEUERWERK,15
706,KATZEKLO,15
707,TRAUB,15
708,PASS,15
709,MARK,15
710,CHARLY,15
711,TRINKT,15
712,VOLLMOND,15
713,HOLLAND,15
714,GRUN,15
715,NDW,15
716,AUFSTEHN,15
717,LIEGT,15
718,ERNT,15
719,SAEN,15
720,EY,15
721,DRUCK,15
722,EISBLUM,15
723,UNIVERSUM,15
724,FLAGG,15
725,WINT,15
726,STROBO,15
727,POP,15
728,EISERN,15
729,STEG,15
730,REBELLION,15
731,CHICK,15
732,LEICHT,15
733,GEPACK,15
734,MERCED,15
735,KOKAIN,15
736,COCO,15
737,LUG,15
738,OKAY,15
739,GEB,15
740,WUST,14
741,ALARMSIGNAL,14
742,NACKT,14
743,VIENNA,14
744,DANACH,14
745,SUND,14
746,BLICK,14
747,SCHMIDT,14
748,WICHTIG,14
749,SOLO,14
750,GUILDO,14
751,MFG,14
752,FREUNDLICH,14
753,II,14
754,ARSCHLOCH,14
755,TRUE,14
756,KONIG,14
757,NEN,14
758,KNUTSCHFLECK,14
759,HOH,14
760,BOOT,14
761,HANG,14
762,RICHT,14
763,ALIV,14
764,FANG,14
765,HURZ,14
766,MEER,14
767,ST,14
768,GRUND,14
769,BOY,14
770,HOL,14
771,NESSAJA,14
772,STEIN,14
773,SEI,14
774,DREAM,14
775,ESPAÑA,14
776,DARAN,14
777,TOMEKK,14
778,ANA,14
779,AHABAK,14
780,GANGSTA,14
781,SPIEGEL,14
782,REST,14
783,HEUL,14
784,ELEKTR,14
785,MOMENT,14
786,HIGH,14
787,OMG,14
788,QA,14
789,CATALEYA,14
790,DNA,14
791,RAUCH,14
792,MART,14
793,DURSTLOSCH,14
794,COMING,13
795,HOM,13
796,FUNKY,13
797,SATELLIT,13
798,EIS,13
799,MILLENNIUM,13
800,COUNTDOWN,13
801,LAUFT,13
802,VOYAG,13
803,STRASS,13
804,DISCH,13
805,VORAN,13
806,GUAT,13
807,ACH,13
808,NAS,13
809,BLECHBUCHS,13
810,HEISS,13
811,JAM,13
812,ANFANG,13
813,WOHL,13
814,MEXICO,13
815,HORIZONT,13
816,MORNING,13
817,MANTA,13
818,BOUNC,13
819,KLEBT,13
820,STUCK,13
821,IS,13
822,CLUB,13
823,NUN,13
824,ADIEU,13
825,SPRING,13
826,COLONIA,13
827,GEG,13
828,TYP,13
829,NEB,13
830,WILLY,13
831,FERNSEHMANN,13
832,VERZWEIFELT,13
833,KLICK,13
834,KLACK,13
835,DOKTORSPIEL,13
836,BETTINA,13
837,JONNY,13
838,SPINN,13
839,RUHIG,13
840,BEHALT,13
841,MARRY,13
842,LEER,13
843,KNOCHELTIEF,13
844,CABRÓN,13
845,ALLSTAR,13
846,APPELL,13
847,CHERRY,13
848,DIAMOND,13
849,DOWN,13
850,PARADIS,13
851,TAUSENDMAL,12
852,ENZIAN,12
853,PUMP,12
854,RUCKENWIND,12
855,REGENBOG,12
856,BAY,12
857,SCHWUL,12
858,WECK,12
859,KIFF,12
860,JESUS,12
861,SOLANG,12
862,MODUL,12
863,MACHT,12
864,PISTOLERO,12
865,SESAM,12
866,CB,12
867,FUNK,12
868,ABGEBRANNT,12
869,KNIE,12
870,ZARTLICH,12
871,JUDG,12
872,VERDIENT,12
873,MAK,12
874,GENAUSO,12
875,ZUSAMMENLEB,12
876,SCHREIBT,12
877,GESEGNET,12
878,SEIST,12
879,DE,12
880,AMOUR,12
881,LAMA,12
882,YOKOHAMA,12
883,TOCCATA,12
884,SCHLECHT,12
885,DAFUR,12
886,BEWEG,12
887,GISELA,12
888,MOSCHT,12
889,NISCHT,12
890,BEREU,12
891,MONST,12
892,SCHLAND,12
893,FUCK,12
894,BROS,12
895,MURCIELAGO,12
896,NIC,12
897,VAGABUND,12
898,UFF,12
899,ROADRUNN,12
900,AFFALTERBACH,12
901,ROLEX,12
902,ROYAL,12
903,KARMA,12
904,ANGEKLAGT,12
905,SCHMETTERLING,12
906,KAPITEL,12
907,FEEL,11
908,WAHRHEIT,11
909,KORRUPTI,11
910,SAFT,11
911,FUHR,11
912,GEMMA,11
913,TRINK,11
914,JUNIMOND,11
915,ICK,11
916,ADRIANO,11
917,MODELL,11
918,NEGERLEIN,11
919,SLIPPING,11
920,INTO,11
921,KOSMET,11
922,EUROPA,11
923,GLOCK,11
924,BANKUBERFALL,11
925,PARTYHITMIX,11
926,WANNA,11
927,GET,11
928,MONOTONI,11
929,MARCH,11
930,RHODOS,11
931,FREISEIN,11
932,WILLKOMM,11
933,EIERMANN,11
934,OBEN,11
935,DAY,11
936,SOMMERNACHT,11
937,WHAT,11
938,BARBARA,11
939,GEFEUERT,11
940,DANIELL,11
941,SCHWER,11
942,WAHR,11
943,JESS,11
944,DOUC,11
945,INNOCENT,11
946,CHILLN,11
947,ENDGEGN,11
948,STURZT,11
949,GHEDDO,11
950,FICK,11
951,ZERRISS,11
952,VORBILD,11
953,HORN,11
954,SOMMA,11
955,KIEZ,11
956,STOFF,11
957,SCHNAPS,11
958,ERKLAR,11
959,IPHON,11
960,EYEZ,11
961,CORDULA,11
962,SUMM,11
963,KAJAL,11
964,EXTASY,11
965,CRASH,11
966,AUSMACHT,11
967,FOLLOW,11
968,TURALURALURALU,10
969,BUBU,10
970,PAPI,10
971,SCHWACHSINN,10
972,RUH,10
973,LIEBESBRIEF,10
974,TUN,10
975,DRAUSS,10
976,KNOW,10
977,SCHICK,10
978,ONKELZ,10
979,LUST,10
980,ERIKA,10
981,ENTFLIEHN,10
982,SERVUS,10
983,ENERGI,10
984,MARCHENPRINZ,10
985,PALERMO,10
986,LEHR,10
987,THEAT,10
988,SEEN,10
989,HURT,10
990,SONST,10
991,HUNGRIG,10
992,RADIO,10
993,HESS,10
994,WERT,10
995,UBERHAUPT,10
996,JAPANES,10
997,FELICITA,10
998,WURST,10
999,GHETTO,10
1000,KALT,10
1001,PHANOMENAL,10
1002,AMI,10
1003,WEIHNACHTSBACKEREI,10
1004,SCHATZ,10
1005,AUGENBLICK,10
1006,ZEIL,10
1007,FLUGEL,10
1008,VERGISS,10
1009,REGI,10
1010,HEIMWEH,10
1011,SCHAFERLIED,10
1012,KUK,10
1013,PIEPT,10
1014,BIG,10
1015,RIECH,10
1016,MORD,10
1017,STEADY,10
1018,KOGONG,10
1019,KRIMINELL,10
1020,RISIKO,10
1021,MINUT,10
1022,TICK,10
1023,BLEI,10
1024,SINN,10
1025,NAUTILUS,10
1026,OFF,10
1027,NO,10
1028,HONDA,10
1029,CIVIC,10
1030,RICH,10
1031,RUCKSICHT,9
1032,FURSTENFELD,9
1033,REIN,9
1034,HIP,9
1035,HOP,9
1036,ZAHLT,9
1037,AMNESTI,9
1038,SNEAK,9
1039,PREVIEW,9
1040,GEKOMM,9
1041,TRETBOOT,9
1042,SEENOT,9
1043,ALKOHOL,9
1044,SCHACH,9
1045,MATT,9
1046,LAUF,9
1047,TO,9
1048,GNUBBEL,9
1049,KATRIN,9
1050,KARL,9
1051,KAF,9
1052,STRADA,9
1053,DEL,9
1054,SOL,9
1055,TERPENTIN,9
1056,STOLZ,9
1057,GLUCKLICH,9
1058,ROCK,9
1059,TANZPIRATOR,9
1060,VERGISST,9
1061,TIEF,9
1062,KANGURU,9
1063,QUIETSCH,9
1064,ENTCH,9
1065,BETT,9
1066,EIGENT,9
1067,CHAOS,9
1068,PEDRO,9
1069,KUSSCH,9
1070,EHR,9
1071,PARTY,9
1072,SCHOTTENROCK,9
1073,CORA,9
1074,HALTET,9
1075,TIERISCH,9
1076,WEIB,9
1077,SIGNAL,9
1078,POPSTAR,9
1079,VERMISST,9
1080,MUH,9
1081,ERINN,9
1082,ZENTIMET,9
1083,DURCHHANG,9
1084,CARM,9
1085,LABYRINTH,9
1086,WUNDERVOLL,9
1087,BELLISSIMA,9
1088,RING,9
1089,DARUM,9
1090,SPUR,9
1091,ZWEIEN,9
1092,RUHR,9
1093,CHECK,9
1094,ERTRAG,9
1095,VOIC,9
1096,SECOND,9
1097,HUNGRY,9
1098,EYES,9
1099,ASCHEREG,9
1100,PAULI,9
1101,KONTROLLI,9
1102,STURMMASK,9
1103,RUCKSACK,9
1104,FRISCH,9
1105,SONNENBRILL,9
1106,HABIBO,9
1107,LELEL,9
1108,CAPITAL,9
1109,BRA,9
1110,SHOOT,9
1111,HURACAN,9
1112,CEM,9
1113,ADRIANA,9
1114,COLT,9
1115,ELB,9
1116,BLESSED,9
1117,KONG,9
1118,LASST,9
1119,OLIVIA,9
1120,JEANNI,8
1121,JAMBO,8
1122,GLOCKENSPIEL,8
1123,DUNKL,8
1124,ORT,8
1125,GESICHT,8
1126,WOLF,8
1127,MISSING,8
1128,LIMIT,8
1129,BRENNEND,8
1130,VS,8
1131,HELGOLAND,8
1132,BLOD,8
1133,BOD,8
1134,UNHEILBAR,8
1135,WAHNSINN,8
1136,SCHO,8
1137,SHIN,8
1138,BARBADOS,8
1139,WAND,8
1140,KUH,8
1141,HOHA,8
1142,SCHNELLA,8
1143,WEITA,8
1144,REIS,8
1145,FREMD,8
1146,PUNK,8
1147,KRAUS,8
1148,RUTH,8
1149,SIN,8
1150,KORNFELD,8
1151,SONNENSCHEIN,8
1152,HOFFNUNG,8
1153,AIM,8
1154,BOLERO,8
1155,OPTIMIST,8
1156,WAHLKAMPF,8
1157,SCHUTZENGEL,8
1158,WURM,8
1159,DRIN,8
1160,TSCHERNOBYL,8
1161,BUNT,8
1162,INTERESSIERT,8
1163,ERSCHIESS,8
1164,VENDETTA,8
1165,BEDINGUNGSLOS,8
1166,HEIM,8
1167,GESUCHT,8
1168,HORST,8
1169,TRAURIG,8
1170,ATZIN,8
1171,LIAM,8
1172,FALLSCHIRM,8
1173,FUHLT,8
1174,MI,8
1175,GOTHAM,8
1176,BEVERLY,8
1177,HILL,8
1178,BALLIN,8
1179,FARB,8
1180,REGENBOGENFARB,8
1181,HAIFISCHNIKEZ,8
1182,SHEM,8
1183,FERRARI,8
1184,JAY,8
1185,BLACKBERRY,8
1186,SKY,8
1187,HARAMI,8
1188,SHOT,8
1189,ZOMBI,8
1190,GENICK,8
1191,PUTA,8
1192,MADR,8
1193,UNNORMAL,8
1194,CASINO,8
1195,MATRIX,8
1196,ANGEL,8
1197,SIPP,8
1198,BODY,8
1199,CHECKA,8
1200,PEPPERMINT,8
1201,GHETTOGIRL,8
1202,HOE,8
1203,COACHELLA,8
1204,ALP,7
1205,SUIS,7
1206,MARI,7
1207,PFUATI,7
1208,ELISABETH,7
1209,FRUHLINGSGEFUHL,7
1210,BART,7
1211,TABULA,7
1212,RASA,7
1213,PT,7
1214,SCHLAFLOS,7
1215,WADD,7
1216,HADD,7
1217,DUDD,7
1218,FAUL,7
1219,UNROCKBAR,7
1220,SEEMANN,7
1221,HOLT,7
1222,ROBBY,7
1223,BILL,7
1224,HALEY,7
1225,EISBA,7
1226,ZON,7
1227,FATA,7
1228,MORGANA,7
1229,WESTERLAND,7
1230,GERAD,7
1231,GEFEHLT,7
1232,FKK,7
1233,EVERYBODY,7
1234,FREE,7
1235,WEAR,7
1236,MIDNIGHT,7
1237,HEIRAT,7
1238,BURO,7
1239,USCHI,7
1240,WARTET,7
1241,PUR,7
1242,MEIL,7
1243,DRUM,7
1244,LIEBESSCHMERZ,7
1245,WAT,7
1246,RESI,7
1247,GESETZT,7
1248,KNOPF,7
1249,BLUS,7
1250,DEMO,7
1251,UNKRAUT,7
1252,RUT,7
1253,RUS,7
1254,BRING,7
1255,FRISEUS,7
1256,MAU,7
1257,REIMEMON,7
1258,KEEP,7
1259,BADEWANN,7
1260,CO,7
1261,NORMAL,7
1262,LOTOSBLUM,7
1263,SOFORT,7
1264,KESSELN,7
1265,HASS,7
1266,SCHATZELEIN,7
1267,WIRKLICH,7
1268,ART,7
1269,WEIS,7
1270,ENDET,7
1271,SKYLIN,7
1272,BORDSTEIN,7
1273,WORD,7
1274,STRASSENJ,7
1275,VERSTEH,7
1276,ERDBEB,7
1277,REGENWURM,7
1278,HUST,7
1279,VOLLSTRECK,7
1280,FACKELN,7
1281,FREUNDSCHAFT,7
1282,FAD,7
1283,HORT,7
1284,RENN,7
1285,ECHO,7
1286,SCHWUNG,7
1287,KIST,7
1288,GESCHENK,7
1289,GANG,7
1290,BLACK,7
1291,LIF,7
1292,GOTTSEIDANK,7
1293,UNTERDRUCKT,7
1294,ZOEY,7
1295,DEAL,7
1296,HI,7
1297,BAB,7
1298,MONEY,7
1299,SMOK,7
1300,AUSGEH,7
1301,MIOS,7
1302,LUV,7
1303,BAEBA,7
1304,ZUKUNFT,7
1305,FLY,7
1306,XXL,7
1307,TIEFSCHWARZ,7
1308,LONELY,7
1309,ORDENT,7
1310,FROM,7
1311,ZART,7
1312,SCHREIB,7
1313,TECHNO,7
1314,PRINZ,7
1315,UPS,7
1316,BLATT,6
1317,DRAGAN,6
1318,ALD,6
1319,WEIHNACHTSMEDLEY,6
1320,ADL,6
1321,HANF,6
1322,GOING,6
1323,GUILTY,6
1324,GUSTAV,6
1325,GAN,6
1326,FRISS,6
1327,STIRB,6
1328,BREAKING,6
1329,HABIT,6
1330,KOSTET,6
1331,DÉJÀ,6
1332,VU,6
1333,WURFELSPIEL,6
1334,BODO,6
1335,BAGG,6
1336,GABY,6
1337,PARK,6
1338,IBIZA,6
1339,LAMPENFIEB,6
1340,ROQU,6
1341,RUINIERT,6
1342,FROH,6
1343,OK,6
1344,WEIHNACHTSSONG,6
1345,KAUF,6
1346,FUFFI,6
1347,TOMMY,6
1348,ZIMM,6
1349,GELIEH,6
1350,STROHBLUM,6
1351,TAUSCH,6
1352,HO,6
1353,EISENHERZ,6
1354,TOPMODEL,6
1355,EP,6
1356,ROSENROT,6
1357,FUHL,6
1358,TRUMM,6
1359,TIPTOP,6
1360,JANIN,6
1361,SCHERBENME,6
1362,SANTAMARGHUARITANOBILEDIMÔNTEPULCIANO,6
1363,FISCHERDORF,6
1364,KOLSCH,6
1365,KNUT,6
1366,RUNT,6
1367,REICH,6
1368,GEGENTEIL,6
1369,FLECK,6
1370,IZ,6
1371,AUTOMAT,6
1372,LIK,6
1373,DUNKEL,6
1374,SCHATZI,6
1375,FOTO,6
1376,SCHIFFSVERKEHR,6
1377,SCHNELL,6
1378,ZEIDVERSCHWAND,6
1379,FINAL,6
1380,FEHLERFREI,6
1381,ALPHA,6
1382,ISSO,6
1383,SQUAR,6
1384,GLUCKSMOMENT,6
1385,JUNGZ,6
1386,LIGA,6
1387,TELEFON,6
1388,SCHUSS,6
1389,WAFF,6
1390,ROHDIAMANT,6
1391,ERLEBT,6
1392,NIK,6
1393,CHINCHILLA,6
1394,SANTORINI,6
1395,MILLIONDOLLAR,6
1396,MIL,6
1397,LEYLA,6
1398,SHOTZ,6
1399,BARRIO,6
1400,VINTAG,6
1401,RUMBL,6
1402,HASH,6
1403,PHANTOM,6
1404,BRATAN,6
1405,NICH,6
1406,CINDERELLA,6
1407,BAE,6
1408,MONET,6
1409,SHAWTY,6
1410,HIGHWAY,6
1411,VAMOS,6
1412,FROZ,6
1413,TEAR,6
1414,WILDBERRY,6
1415,LILLET,6
1416,POPULAR,5
1417,FREEDOM,5
1418,UNSTERB,5
1419,PARTYALARM,5
1420,PASSI,5
1421,WALKAMPF,5
1422,DUSCH,5
1423,GONNA,5
1424,HEX,5
1425,EM,5
1426,LOT,5
1427,REIF,5
1428,AZZURRO,5
1429,VOGEL,5
1430,CHARTBREAK,5
1431,PASSIERT,5
1432,GETAN,5
1433,LADI,5
1434,GENTLEM,5
1435,MILITARY,5
1436,ANGELO,5
1437,PET,5
1438,ERLEB,5
1439,LISA,5
1440,LUXUS,5
1441,FRIEDENSPANZ,5
1442,VORSPRECHTERMIN,5
1443,SCHMERZ,5
1444,DERF,5
1445,NET,5
1446,TRAUMBOY,5
1447,JESSICA,5
1448,THIS,5
1449,LUSTIG,5
1450,HOLZHACKERLEIT,5
1451,DIEB,5
1452,STIRBT,5
1453,ZULETZT,5
1454,FAHR,5
1455,DARLING,5
1456,SCHRI,5
1457,SCHRA,5
1458,SCHRODI,5
1459,GEBOT,5
1460,BEL,5
1461,BATAILLON,5
1462,GUCK,5
1463,KYRILA,5
1464,FRUCHTALARM,5
1465,KNEIP,5
1466,JING,5
1467,JINGELING,5
1468,WEIHNACHTSSCHNAPPI,5
1469,GERMAN,5
1470,ALLED,5
1471,SONNENLICHT,5
1472,SCHUTZUMSCHLAG,5
1473,ROSI,5
1474,SCHWACH,5
1475,LARA,5
1476,REVOLUTION,5
1477,SHAUN,5
1478,SCHAF,5
1479,PORNO,5
1480,ALLEINESEIN,5
1481,STROM,5
1482,DRITT,5
1483,CAN,5
1484,TAMED,5
1485,WUNDERKERZ,5
1486,BANG,5
1487,CALM,5
1488,REAL,5
1489,AVENTADOR,5
1490,LFR,5
1491,VORANKOMM,5
1492,GAMECHANG,5
1493,ELOAH,5
1494,PULLOV,5
1495,FIGHTCLUB,5
1496,NIEMALSANTAUSCH,5
1497,UNTERGEHT,5
1498,MOSAIK,5
1499,BELLA,5
1500,DONNA,5
1501,AUSLAND,5
1502,MARLBORO,5
1503,PARA,5
1504,NEPTUN,5
1505,BRILLIS,5
1506,PRIMETIM,5
1507,FABERGÉ,5
1508,ZUVOR,5
1509,DÉSOLÉ,5
1510,INFO,5
1511,YYY,5
1512,PUST,5
1513,FIRED,5
1514,SANDMANN,5
1515,MAILBOX,5
1516,VODKA,5
1517,ONLYFAN,5
1518,ZICK,5
1519,ZACK,5
1520,BREMS,5
1521,COMMITMENT,5
1522,ISSU,5
1523,TICKET,5
1524,KETAMA,5
1525,GIMM,4
1526,YOUR,4
1527,LOVIN,4
1528,LINK,4
1529,TIER,4
1530,SORRY,4
1531,TRI,4
1532,TRA,4
1533,TRULLALA,4
1534,HERBERGSVAT,4
1535,HERZENSSCHON,4
1536,TRAUMREIS,4
1537,BURLI,4
1538,JR,4
1539,FALL,4
1540,BROT,4
1541,VOLLDAMPF,4
1542,UBERDOSIS,4
1543,TROPEZ,4
1544,MARL,4
1545,PICKNICK,4
1546,STERNRAKET,4
1547,STUMP,4
1548,TRAKTOR,4
1549,BUNDESBAHN,4
1550,OLLI,4
1551,KAHN,4
1552,HEIMAT,4
1553,TANT,4
1554,EMMA,4
1555,SAD,4
1556,BUT,4
1557,COWGIRL,4
1558,RUDI,4
1559,NOTHING,4
1560,CHANG,4
1561,HOW,4
1562,DO,4
1563,ELECTRO,4
1564,AFRIKA,4
1565,BRILL,4
1566,GROSST,4
1567,ISTANBUL,4
1568,SPLISH,4
1569,SPLASH,4
1570,ERKENNT,4
1571,MONSTERSHIT,4
1572,DANCEHALL,4
1573,CABALLEROS,4
1574,ZONENMADCH,4
1575,SUP,4
1576,EIG,4
1577,REGELN,4
1578,STOFFELN,4
1579,FERTIG,4
1580,HIJA,4
1581,STREICHHOLZ,4
1582,FEIERALARM,4
1583,SOS,4
1584,EK,4
1585,BACK,4
1586,OZEAN,4
1587,VERAND,4
1588,PINGUIN,4
1589,CHICA,4
1590,SCHEIT,4
1591,DSCHUNGEL,4
1592,BO,4
1593,OMI,4
1594,JUNGFRAUENCHOR,4
1595,SUPERHELD,4
1596,HEAV,4
1597,HILF,4
1598,SUCH,4
1599,NOT,4
1600,ANLAUF,4
1601,BRENNA,4
1602,TUAT,4
1603,NEED,4
1604,JITT,4
1605,KEI,4
1606,WOOD,4
1607,DRAUF,4
1608,HINTERLAND,4
1609,STOLP,4
1610,REGNET,4
1611,AKS,4
1612,WANDSCHRANK,4
1613,POLIZEI,4
1614,ROLI,4
1615,SCHEISSMELODI,4
1616,GUCCI,4
1617,CHÉRI,4
1618,TIFFANY,4
1619,CORLEON,4
1620,POW,4
1621,UBERLEBT,4
1622,NETFLIX,4
1623,CHILL,4
1624,KENNZEICH,4
1625,TK,4
1626,TAP,4
1627,PURPL,4
1628,HAZ,4
1629,BLABLA,4
1630,INSHALLAH,4
1631,LOW,4
1632,YA,4
1633,SALAM,4
1634,QUARTERBACK,4
1635,NEXT,4
1636,MERCY,4
1637,ROLLERBLAD,4
1638,RÉSUMÉ,4
1639,VERKACKT,4
1640,CASH,4
1641,SIP,4
1642,VIB,4
1643,TRENDSETT,4
1644,SKRR,4
1645,VALLA,4
1646,AYO,4
1647,TECHNOLOGY,4
1648,INTERNATIONAL,4
1649,CRIMINAL,4
1650,CHANGED,4
1651,FASTLAN,4
1652,PLAYLIST,4
1653,SIR,4
1654,HABIBI,4
1655,VIJA,4
1656,COMPRENDO,4
1657,KUNSTFREIHEIT,4
1658,GEDECKT,4
1659,GIFT,4
1660,ROSENKRIEG,4
1661,HAPPY,4
1662,DRINK,4
1663,MOJ,4
1664,SVE,4
1665,GUAPA,4
1666,RUBINROT,4
1667,TITT,4
1668,CONTROL,3
1669,ARE,3
1670,NOMIN,3
1671,ENTGEG,3
1672,DANKBAR,3
1673,IDIOT,3
1674,KLABAUTERMANN,3
1675,WEIHNACHTSMANN,3
1676,ME,3
1677,HINGEH,3
1678,MONOPOLI,3
1679,FORT,3
1680,LIAB,3
1681,ALLOA,3
1682,HAMMERHART,3
1683,VERFALL,3
1684,LOVESONG,3
1685,QUARK,3
1686,TRENNT,3
1687,REHAKL,3
1688,SCHWALB,3
1689,HEIMKEHR,3
1690,WOLL,3
1691,ZUVIEL,3
1692,VERLANGT,3
1693,UBERLEB,3
1694,ANTWORT,3
1695,MARLENA,3
1696,LIPP,3
1697,LET,3
1698,SEHR,3
1699,DESPERADO,3
1700,ZIEL,3
1701,CHI,3
1702,KAKA,3
1703,BLIND,3
1704,VITAM,3
1705,BALALAIKA,3
1706,JAMAIKA,3
1707,BRIEF,3
1708,SCHRIEB,3
1709,MALAIKA,3
1710,SCHIESS,3
1711,TOR,3
1712,SPRINGT,3
1713,OR,3
1714,SCH,3
1715,LIEBMICHHASSMICH,3
1716,LAUTA,3
1717,ROG,3
1718,SOMMERGEFUHL,3
1719,HALSBAND,3
1720,DEUTSCHA,3
1721,ALLEMANN,3
1722,GESCHICHTENHASS,3
1723,LUFTBAHN,3
1724,ERTRINK,3
1725,ARTGERECHT,3
1726,HALLELUJA,3
1727,FETT,3
1728,MYSELF,3
1729,TONIGHT,3
1730,ORCH,3
1731,VERSTRAHLT,3
1732,SUCHTIG,3
1733,ERWACHS,3
1734,AUSFLUG,3
1735,FEIND,3
1736,OVER,3
1737,CHABOS,3
1738,BABO,3
1739,SUMMERFEELING,3
1740,BRAUN,3
1741,MALLORCA,3
1742,STRESS,3
1743,ASCHENFLUG,3
1744,GMBH,3
1745,BOOM,3
1746,SEKUND,3
1747,HASSO,3
1748,POCAHONTAS,3
1749,SAFARI,3
1750,KAPUTT,3
1751,CAZAL,3
1752,DIAMANT,3
1753,JOB,3
1754,SODOM,3
1755,GOMORRHA,3
1756,PROBIERT,3
1757,DOGGY,3
1758,AVE,3
1759,AIRMAX,3
1760,GEDACHT,3
1761,BALENCIAGA,3
1762,MASERATI,3
1763,MEPHISTO,3
1764,PROMINENT,3
1765,KOMPANI,3
1766,TGV,3
1767,CRACK,3
1768,PIEC,3
1769,UNTERNEHM,3
1770,KAMPFGEIST,3
1771,HARDCOR,3
1772,ICE,3
1773,PERDONO,3
1774,MALEDIV,3
1775,IRINA,3
1776,SHAYK,3
1777,EFH,3
1778,RAFFAELLO,3
1779,FILM,3
1780,TOD,3
1781,JUNIOR,3
1782,HUSKY,3
1783,RONIN,3
1784,MONEYHONEYDRIP,3
1785,RHYTHMUS,3
1786,GEFANG,3
1787,KAFA,3
1788,GRAU,3
1789,BENZO,3
1790,KOMMUNIKATION,3
1791,FANTASY,3
1792,CONAN,3
1793,XENIA,3
1794,TE,3
1795,HOES,3
1796,MEDM,3
1797,VERTRAU,3
1798,SPITZ,3
1799,ROCKSTAR,3
1800,KOLLEKTIV,3
1801,HELL,3
1802,RAPKILL,3
1803,HUG,3
1804,SMS,3
1805,DOUBLECUP,3
1806,GESCHAFT,3
1807,VERPENNT,3
1808,OVERDOS,3
1809,CLOUD,3
1810,MANDARIN,3
1811,FAIR,3
1812,NULL,3
1813,PER,3
1814,TY,3
1815,IV,3
1816,SPORT,3
1817,MOLLY,3
1818,MOGLI,3
1819,RAPSTAR,3
1820,OBSESSED,3
1821,AIRBNB,3
1822,BERETTA,3
1823,LEA,3
1824,KIOSK,2
1825,GEZAHLT,2
1826,KLUG,2
1827,ABGEHAU,2
1828,SITZ,2
1829,MONDSONG,2
1830,SATT,2
1831,WEIHNACHTSBAUM,2
1832,WITH,2
1833,MARIANN,2
1834,WISSENSWERT,2
1835,ERLANG,2
1836,TITANIC,2
1837,PANIK,2
1838,TINA,2
1839,KATJA,2
1840,MAAT,2
1841,JOOT,2
1842,REBELL,2
1843,BERUHRT,2
1844,BLUM,2
1845,AGYPT,2
1846,WHEN,2
1847,MEXICAN,2
1848,KARNEVAL,2
1849,FUCH,2
1850,WALD,2
1851,FAMILY,2
1852,PLAYA,2
1853,BLANCA,2
1854,CLAP,2
1855,MET,2
1856,HOLZMICHEL,2
1857,ALF,2
1858,RHONDA,2
1859,RADETZKI,2
1860,YO,2
1861,HINT,2
1862,DUNGEON,2
1863,BEREIT,2
1864,CHRISTINA,2
1865,FORTLIEF,2
1866,PORZELLAN,2
1867,PUPP,2
1868,AUFEINAND,2
1869,ZUGEHN,2
1870,LUISA,2
1871,GO,2
1872,MASPALOMAS,2
1873,RENDEZVOUS,2
1874,KREIS,2
1875,REMIX,2
1876,AUTOMOBIL,2
1877,NA,2
1878,DYNAMIT,2
1879,VOL,2
1880,LIEBESLIED,2
1881,NINA,2
1882,EUROPAMEIST,2
1883,AMSTERDAM,2
1884,SCHNUFFEL,2
1885,WEIHNACHTSLIED,2
1886,NAJUCO,2
1887,SING,2
1888,CHANC,2
1889,MOST,2
1890,WANTED,2
1891,LECK,2
1892,REEPERBAHN,2
1893,SUPERSTAR,2
1894,SCHUH,2
1895,DONNERSONG,2
1896,THUND,2
1897,BUDDI,2
1898,NEBEL,2
1899,GESCHICHT,2
1900,KORNBLUM,2
1901,MARATHON,2
1902,TIG,2
1903,SPITT,2
1904,BOSS,2
1905,ULTRALEICHT,2
1906,FREIDREH,2
1907,BRECH,2
1908,FALSCH,2
1909,GENAU,2
1910,MITT,2
1911,POSS,2
1912,NEUANFANG,2
1913,CIAO,2
1914,EXPRESS,2
1915,PLEM,2
1916,ACHTERBAHN,2
1917,SITZHEIZ,2
1918,BATZ,2
1919,YAKUZA,2
1920,MONTPELLI,2
1921,UBERALL,2
1922,ASCH,2
1923,STAUB,2
1924,PSYCHO,2
1925,NIKOROS,2
1926,BRUTAL,2
1927,GJYNAH,2
1928,FML,2
1929,ZWISCH,2
1930,AYÉ,2
1931,HUNG,2
1932,PICCOS,2
1933,HAD,2
1934,CHARDONNAY,2
1935,SEKUNDENGLUCK,2
1936,GELERNT,2
1937,MDMA,2
1938,MAYBACH,2
1939,ORBIT,2
1940,KAMEHAMEHA,2
1941,PAM,2
1942,HOPS,2
1943,BUFFON,2
1944,LEMON,2
1945,CLICK,2
1946,VAN,2
1947,VAART,2
1948,BUCH,2
1949,MELATONIN,2
1950,ROUND,2
1951,HYPNOTIZ,2
1952,SUNSHIN,2
1953,BABYGIRL,2
1954,KADAL,2
1955,BAYRAM,2
1956,MACARENA,2
1957,CHAMPION,2
1958,BARCELONA,2
1959,PYRAMID,2
1960,RAIN,2
1961,LOWRID,2
1962,BEEF,2
1963,GOOS,2
1964,ALPHAGENET,2
1965,POMPA,2
1966,BIETIGHEIMICATION,2
1967,AMEX,2
1968,TEU,2
1969,KAMPFERHERZ,2
1970,MOV,2
1971,FOKUS,2
1972,FAVELA,2
1973,BAM,2
1974,BOGOTA,2
1975,UNBEKANNT,2
1976,QUEEN,2
1977,MISKIN,2
1978,MARIO,2
1979,QN,2
1980,DICKA,2
1981,ROMANC,2
1982,FAST,2
1983,ZWEIFEL,2
1984,DOLLAR,2
1985,JETSKI,2
1986,AMCAOGL,2
1987,POST,2
1988,WOH,2
1989,CENTR,2
1990,COURT,2
1991,SUICID,2
1992,DOOR,2
1993,FAHRRAD,2
1994,COK,2
1995,LIGHT,2
1996,WING,2
1997,SYGL,2
1998,SHOWTIM,2
1999,KUCK,2
2000,VERDACHT,2
2001,ANDREAS,2
2002,HEIMKOMM,2
2003,SCHICKSAL,2
2004,TRIFFT,2
2005,DRILLA,2
2006,ROTLICHTSONAT,2
2007,DANIEL,2
2008,LEE,2
2009,VENUS,2
2010,FEIGENBAUM,2
2011,PILL,2
2012,GELEBT,2
2013,LAUTLOS,2
2014,BLUNT,2
2015,POURQUOI,2
2016,QUIT,2
2017,TAGESLICHT,2
2018,SWEET,2
2019,MAJESTIC,2
2020,BLING,2
2021,RE,2
2022,BOB,2
2023,MARLEY,2
2024,HOT,2
2025,KARUSSELL,2
2026,IDE,2
2027,STERNENSTAUB,2
2028,ESPERANTO,1
2029,STRONG,1
2030,POKÉMON,1
2031,SOMMERREG,1
2032,NEV,1
2033,SAY,1
2034,DUDELMOS,1
2035,ALM,1
2036,KOA,1
2037,LOSUNG,1
2038,ABENTEUERLAND,1
2039,AURÉLI,1
2040,LENA,1
2041,WALZ,1
2042,FRISOR,1
2043,KUDDEL,1
2044,DADDEL,1
2045,TILL,1
2046,FAR,1
2047,AWAY,1
2048,AMERICA,1
2049,TROPF,1
2050,HARTREIM,1
2051,SAGA,1
2052,ROSANNA,1
2053,LAMBADA,1
2054,WAHL,1
2055,FROMM,1
2056,HANDWERK,1
2057,GRIECHENLAND,1
2058,PERLENTAUCH,1
2059,ELK,1
2060,YOKO,1
2061,ONO,1
2062,UBERMENSCH,1
2063,AIRPORT,1
2064,WIEDERSEHN,1
2065,OPTIK,1
2066,DESERV,1
2067,GENERATION,1
2068,GEGLAUBT,1
2069,SCHAD,1
2070,TOCOTRONIC,1
2071,FREEMAN,1
2072,SLADDGO,1
2073,VORUBERGEH,1
2074,NOVEMB,1
2075,NEMM,1
2076,RAGGA,1
2077,GIGANT,1
2078,HITZ,1
2079,WADLN,1
2080,SCHWEISS,1
2081,WM,1
2082,SPIELT,1
2083,NATASCHA,1
2084,STUMM,1
2085,SCHREIE,1
2086,SIEBZEHN,1
2087,BOS,1
2088,THER,1
2089,WIDERSTAND,1
2090,DRECKIG,1
2091,TIGHT,1
2092,KANINCH,1
2093,HAAR,1
2094,BRUST,1
2095,VERSCHWEND,1
2096,UMARM,1
2097,KOPFWEH,1
2098,WELTMEIST,1
2099,SANDY,1
2100,GOODBY,1
2101,ERWACHT,1
2102,LUCIA,1
2103,VERSUNK,1
2104,SANG,1
2105,ALARM,1
2106,ÇUS,1
2107,SCHWAMMALARM,1
2108,ABA,1
2109,HEIDSCHI,1
2110,BUMBEIDSCHI,1
2111,SATAN,1
2112,LO,1
2113,CHILDR,1
2114,WORLD,1
2115,WILLIG,1
2116,NANO,1
2117,RAPP,1
2118,ICHISICHISICHISICH,1
2119,ENDLICH,1
2120,NEUSTART,1
2121,STUTTGART,1
2122,HEYAH,1
2123,KRACHT,1
2124,PFERD,1
2125,GLUCKSPRINZIP,1
2126,UNZERTRENN,1
2127,BESOND,1
2128,KIEL,1
2129,ESKIMO,1
2130,HITMIX,1
2131,ZAHL,1
2132,KUMM,1
2133,NICHIMGRIFF,1
2134,AUFLOS,1
2135,WEIHNACHT,1
2136,SKLAVIN,1
2137,BIBO,1
2138,WASCH,1
2139,SCHEISSEGAL,1
2140,BESOFF,1
2141,KANDIDI,1
2142,SACH,1
2143,DISKO,1
2144,HAIFISCH,1
2145,DANCING,1
2146,HIMMELBLAUPERFEKTBREIT,1
2147,NATIONALHYMN,1
2148,SOLALA,1
2149,EISBARN,1
2150,FRANKFURT,1
2151,HART,1
2152,BVB,1
2153,HYMN,1
2154,EISBERG,1
2155,MIKROFON,1
2156,WECHSELBALG,1
2157,SPIEGELBILD,1
2158,APFELBAUM,1
2159,PHANOM,1
2160,STANDERTIM,1
2161,AURA,1
2162,SCHEEN,1
2163,PUNKROCK,1
2164,BORUSSIA,1
2165,SCHAL,1
2166,ABGEHN,1
2167,RAOP,1
2168,GEZABEL,1
2169,MONIKA,1
2170,BESTMOG,1
2171,VERSUCH,1
2172,BUSHIDOS,1
2173,STARTING,1
2174,DRIV,1
2175,KOMET,1
2176,WALDSPAZIERGANG,1
2177,FOLG,1
2178,SOHN,1
2179,RANGEL,1
2180,KUSSKUSSKUSS,1
2181,PROGRAMMIERT,1
2182,RIO,1
2183,ROSENHEIM,1
2184,WACHSTUM,1
2185,SPRINGFIELD,1
2186,BRUC,1
2187,WAYN,1
2188,HASHTAG,1
2189,TRAU,1
2190,ELEKTROTITT,1
2191,VOLT,1
2192,VAMPIR,1
2193,BENGAL,1
2194,ARBEIT,1
2195,KOPFVILLA,1
2196,TOI,1
2197,LAB,1
2198,SWING,1
2199,GELOBT,1
2200,LUTSCH,1
2201,VORN,1
2202,KILLA,1
2203,BLANK,1
2204,KANAX,1
2205,MOSKAU,1
2206,JOKO,1
2207,DISS,1
2208,GRUNDLOS,1
2209,LAMBORGHINI,1
2210,KICKDOWN,1
2211,KARAT,1
2212,MULA,1
2213,AWG,1
2214,IDISCO,1
2215,MEIM,1
2216,UNVERGESS,1
2217,UNVERGANG,1
2218,LEBENSLANG,1
2219,DOPPELKINN,1
2220,BUTTERFLY,1
2221,EFFECT,1
2222,SCHUTZEND,1
2223,FORR,1
2224,MAIN,1
2225,ACKAN,1
2226,SCHLAFLIED,1
2227,NIMMERLAND,1
2228,SHINDY,1
2229,BALKAN,1
2230,MIX,1
2231,GRENZENLOS,1
2232,JOHN,1
2233,GOTTI,1
2234,EMPIR,1
2235,BUSINESS,1
2236,BLUTDIAMANT,1
2237,PRESIDENT,1
2238,JECK,1
2239,YEAH,1
2240,LEBENSKRAFT,1
2241,ZUHALTERTAP,1
2242,LEEV,1
2243,JOHNNY,1
2244,DAPP,1
2245,STURM,1
2246,ERBLINDET,1
2247,SKIMASK,1
2248,TRIUMPH,1
2249,MOSQUITOS,1
2250,TELVISION,1
2251,MASAFAKA,1
2252,MANIF,1
2253,KAISERAURA,1
2254,PHARAO,1
2255,AMERICAN,1
2256,ATRAMIS,1
2257,KALIB,1
2258,WANNSE,1
2259,LAUN,1
2260,PAT,1
2261,FRIDAY,1
2262,MOONWALK,1
2263,CCNDNA,1
2264,OMA,1
2265,LIS,1
2266,TABASCO,1
2267,BARGELD,1
2268,ROOT,1
2269,GROSSSTADTDSCHUNGEL,1
2270,ZWEISTELL,1
2271,HAFTSTRAF,1
2272,CENT,1
2273,ANTIWILLKOMM,1
2274,STUDIOGANG,1
2275,GUTAUSSEH,1
2276,GEGN,1
2277,DUSSELDORF,1
2278,JAGDSAISON,1
2279,FRONTLOAD,1
2280,GANGSTERRAPCREW,1
2281,MASSEPHAS,1
2282,WARLORDZ,1
2283,GROSSSTADT,1
2284,SKRUPELLOS,1
2285,OUTRO,1
2286,DATA,1
2287,WAWA,1
2288,KETT,1
2289,CARTI,1
2290,VILLA,1
2291,US,1
2292,KONTOSTAND,1
2293,LION,1
2294,BABA,1
2295,SETZ,1
2296,BUGATTI,1
2297,VEYRON,1
2298,HALFTIM,1
2299,CREW,1
2300,BALLA,1
2301,GISELL,1
2302,BUNDCH,1
2303,DARBY,1
2304,PANZ,1
2305,BALLERT,1
2306,VVS,1
2307,MYTHOS,1
2308,FLOUZ,1
2309,SUPERNOVA,1
2310,FUEGO,1
2311,HUBBA,1
2312,BUBBA,1
2313,ONEWAY,1
2314,CHAYA,1
2315,DEAR,1
2316,LORD,1
2317,PROPHEZEIT,1
2318,PUSH,1
2319,HOODTAP,1
2320,TRIKOT,1
2321,TURIN,1
2322,PROJECT,1
2323,PROMINENZ,1
2324,GOSPEL,1
2325,MINZ,1
2326,NURMAGOMEDOW,1
2327,KILO,1
2328,KHABIB,1
2329,STELL,1
2330,ENES,1
2331,MERAL,1
2332,BENTLEY,1
2333,GLITZA,1
2334,KLASSIK,1
2335,CABRIOLET,1
2336,LEG,1
2337,LOCK,1
2338,SOLLT,1
2339,PLAZA,1
2340,GUADALAJARA,1
2341,FMFL,1
2342,SOUVENIR,1
2343,TATTOO,1
2344,HERMÈS,1
2345,MICHEL,1
2346,VAILLANT,1
2347,BITCH,1
2348,AUTOPILOT,1
2349,STRASSENBAND,1
2350,HELLWACH,1
2351,BIETIGHEIM,1
2352,HONIGTOPF,1
2353,DRAMA,1
2354,RAPSUPERSTAR,1
2355,NOKIA,1
2356,SHIRINBA,1
2357,NOW,1
2358,ENTOURAG,1
2359,TEMPOMAT,1
2360,FULU,1
2361,QDH,1
2362,BITURBO,1
2363,KRAL,1
2364,PROLOG,1
2365,TESTO,1
2366,GREY,1
2367,YKK,1
2368,IBIS,1
2369,HOTEL,1
2370,RENEGAD,1
2371,HULI,1
2372,LUGST,1
2373,MAMBO,1
2374,STANDORT,1
2375,BPM,1
2376,PUL,1
2377,STEIGT,1
2378,LITTL,1
2379,GENKIDAMA,1
2380,ALG,1
2381,PUBLIC,1
2382,ENEMI,1
2383,GRIND,1
2384,SCHIEBEDACH,1
2385,REVENG,1
2386,KAMIKAZ,1
2387,PASST,1
2388,BOLON,1
2389,REMEMB,1
2390,QUAVO,1
2391,RADW,1
2392,LOCO,1
2393,CROSSOV,1
2394,SONY,1
2395,PICTUR,1
2396,FLASCH,1
2397,LUFT,1
2398,CANNAB,1
2399,UNDERDOG,1
2400,GOALGETT,1
2401,EXCEL,1
2402,MODELA,1
2403,ROLLERCOAST,1
2404,KMDF,1
2405,JACOB,1
2406,KRANK,1
2407,HAYAT,1
2408,HENTAI,1
2409,KAIOK,1
2410,DÉJÀVUS,1
2411,SNOWBUNNY,1
2412,SHAKIRA,1
2413,SOSO,1
2414,DOPEBOY,1
2415,SINALOA,1
2416,JEAN,1
2417,LIT,1
2418,CRISPY,1
2419,PAUK,1
2420,PERSPEKTIV,1
2421,XHEP,1
2422,KRISTALL,1
2423,DETAIL,1
2424,MOON,1
2425,VIE,1
2426,BOCK,1
2427,LEBST,1
2428,SUN,1
2429,CHROM,1
2430,BEIFAHRERSITZ,1
2431,AL,1
2432,QU,1
2433,DAMM,1
2434,GIGI,1
2435,HINSETZ,1
2436,ANSCHNALL,1
2437,ZEHNT,1
2438,ETAG,1
2439,HOLLYWOOD,1
2440,PARKBANK,1
2441,WOW,1
2442,WHIT,1
2443,TBC,1
2444,RED,1
2445,HENNESSY,1
2446,IRON,1
2447,ACHTUNG,1
2448,BIELEFELD,1
2449,CHANEL,1
2450,BATTLEFIELD,1
2451,GEISTERSTADT,1
2452,GEST,1
2453,KILL,1
2454,SONNTAG,1
2455,TRANC,1
2456,HYAN,1
2457,KAKTUS,1
2458,BLUTIG,1
2459,CEOS,1
2460,SPOTLIGHT,1
2461,BIRKIN,1
2462,BAG,1
2463,RECHT,1
2464,FANTASI,1
2465,GOLDJUNG,1
2466,SUBWOOF,1
2467,FRIENDZON,1
2468,DOP,1
2469,NBA,1
2470,BRACHLAND,1
2471,SCHIFF,1
2472,ADÉ,1
2473,VIP,1
2474,PSYCHIATRI,1
2475,SQUAD,1
2476,FLUCH,1
2477,GESCHLOSS,1
2478,PAIN,1
2479,TURTLEZ,1
2480,BOBBY,1
2481,ASPHALT,1
2482,TENNISSOCK,1
2483,BADMÓMZ,1
2484,RADAR,1
2485,ANGEKOMM,1
2486,LEUCHTREKLAM,1
2487,SARAH,1
2488,MANCH,1
2489,KANAK,1
2490,PINKY,1
2491,SCHIZOPHR,1
2492,PUSSYBOY,1
2493,UNE,1
2494,TRAINING,1
2495,THANOS,1
2496,FAVOURIT,1
2497,ARTIST,1
2498,DIS,1
2499,FASTLIF,1
2500,WEEE,1
2501,BIRTHDAY,1
2502,CLUBHOUS,1
2503,FAFB,1
2504,VERGIB,1
2505,INSOMNIA,1
2506,POPSMOK,1
2507,HERZALARM,1
2508,DIGGA,1
2509,MAHALL,1
2510,PROMIS,1
2511,KAMPFSPORT,1
2512,SONNY,1
2513,FLYY,1
2514,MBAPPÉ,1
2515,FOUREV,1
2516,PINK,1
2517,PANTH,1
2518,FILET,1
2519,MIGNON,1
2520,FLIP,1
2521,HEB,1
2522,SAVAG,1
2523,ZUHALTERAURA,1
2524,NOIS,1
2525,MOVEZ,1
2526,NEBENJOB,1
2527,ROID,1
2528,RAG,1
2529,PARFUM,1
2530,DUFT,1
2531,APPL,1
2532,PUSSY,1
2533,DRILL,1
2534,MAGIC,1
2535,PAUS,1
2536,RAFFAELO,1
2537,SCHNEE,1
2538,FLEX,1
2539,BLUEPRINT,1
2540,ISYAN,1
2541,FYM,1
2542,PRINZIP,1
2543,TRAPSTAR,1
2544,CANADA,1
2545,IDWK,1
2546,III,1
2547,THUNFISCH,1
2548,WEINBRAND,1
2549,HAHAHA,1
2550,GEMALD,1
2551,GIFTGRUN,1
2552,NDA,1
2553,VIOLETT,1
2554,DOUBL,1
2555,CUP,1
2556,SCHOCKSTARR,1
2557,WEINT,1
2558,GURK,1
2559,DRAUFGANGERJ,1
2560,KE,1
2561,HARRU,1
2562,LOYALTY,1
2563,NARB,1
2564,BOSSMOD,1
2565,NACHBEB,1
2566,ANDAL,1
2567,STRASSENGESCHICHT,1
2568,ITACHI,1
2569,FLOW,1
2570,TRIPL,1
2571,THREAT,1
2572,UDSSR,1
2573,FABIAN,1
2574,SOCIAL,1
2575,MEDIA,1
2576,OG,1
2577,MVP,1
2578,OFFDAY,1
2579,MOR,1
2580,SOM,1
2581,SLEEP,1
2582,OSSIS,1
2583,WESSIS,1
2584,WENIG,1
2585,ZEUG,1
2586,WAZABI,1
2587,INZIDANC,1
2588,REICHT,1
2589,BARADAR,1
2590,RIESENJOINT,1
2591,CROBOT,1
2592,GMO,1
2593,SOUL,1
2594,MUKK,1
2595,DRUFF,1
2596,DILEMMA,1
2597,LV,1
2598,SHANK,1
2599,MOLOTOV,1
2600,PRIM,1
2601,HIMALAYA,1
2602,TMM,1
2603,BESCHUTZ,1
2604,BALLAD,1
2605,RATCHET,1
2606,EISMOND,1
2607,AMIN,1
2608,KMN,1
2609,SONNTAGAB,1
2610,FIR,1
2611,INSTA,1
2612,ADAM,1
2613,EVA,1
2614,SURVIVAL,1
2615,MOD,1
2616,RUNNIN,1
2617,MAMI,1
2618,PRASI,1
2619,SUIT,1
2620,SKANDALOS,1
2621,OHH,1
