LIEBE,68
NUR,48
LEBEN,34
NOCH,33
IMMER,33
WELT,33
NACHT,31
WILL,29
2,26
WIEDER,24
HERZ,23
LASS,19
MEHR,19
TAG,19
GEH,18
NIE,17
GEHT,17
HIER,16
MAL,16
GUT,16
ALLEIN,16
LIED,15
KANN,14
SONNE,14
LETZTE,13
KOMM,13
LIEB,13
WEG,13
MANN,13
3,13
KLEINE,13
FREI,12
SOMMER,12
TAGE,12
YOU,12
1,12
SCHÖN,12
DOCH,12
JETZT,12
BITTE,11
MY,11
GIB,11
STERN,11
KOMMT,10
MÄDCHEN,10
GIRL,10
BERLIN,10
HIMMEL,10
WILLST,10
KOPF,10
AUGEN,10
HALT,10
BYE,9
ZURÜCK,9
MORGEN,9
LOVE,9
JA,9
THE,9
LEBT,9
ZWEI,9
SAG,9
BLEIBEN,9
VORBEI,9
RAP,9
NIEMALS,9
MAMA,9
SONG,9
GOTT,9
HEUT,9
GRUND,8
ENDE,8
MARIA,8
BLEIBT,8
PAPA,8
TANZ,8
MACH,8
LANG,8
LIVE,8
4,8
EINMAL,8
LIEBEN,8
LOS,8
JUNG,8
TRÄNEN,8
GEHEN,8
MTV,7
SCHON,7
LICHT,7
GANZ,7
BABY,7
MÄNNER,7
WEISST,7
ENGEL,7
IS,7
WEISS,7
BRENNT,7
7,7
STEHT,7
REGEN,7
SEX,7
KINDER,7
JUNGE,7
OH,7
BAD,6
SCHAU,6
WÄR,6
IT,6
LIEBST,6
MANCHMAL,6
GEHST,6
HOCH,6
HIGH,6
SIEBEN,6
TEIL,6
HEY,6
STUNDEN,6
SPIEL,6
SOLL,6
JAHR,6
EINS,6
DENK,6
MEER,6
TUT,6
LEB,6
ROTE,6
ON,6
5,6
GIBT,6
ZUR,6
KING,6
SEHNSUCHT,6
EGAL,6
GAR,6
100,6
VIEL,6
STADT,6
UNPLUGGED,6
HÖLLE,6
EWIGKEIT,5
FEST,5
NUMMER,5
MONEY,5
VERSION,5
2005,5
BISSCHEN,5
OLÉ,5
TRÄUME,5
JE,5
PARTY,5
CHING,5
GEHN,5
TEUFEL,5
DEUTSCHLAND,5
MOND,5
DING,5
GLAUB,5
BIER,5
GEIL,5
NAMEN,5
WEIT,5
MUSIK,5
NE,5
BLOCK,5
VERDAMMT,5
FLIEGEN,5
DON,5
0,5
STRAND,5
HAUS,5
BLEIB,5
TRAUM,5
ERSTE,5
NO,5
HÖR,5
HALLO,5
INTRO,5
HEUTE,5
DREI,5
BANG,5
WEIN,5
KLEINER,5
TANZEN,5
FEUER,5
ALL,5
10,5
STERNE,5
SCHEISS,5
FREUND,5
WEH,5
STAR,4
SCHÖNE,4
GLÜCK,4
LIEBT,4
MAUL,4
ALTES,4
TÜR,4
WHAT,4
SIEHST,4
DICKE,4
LAND,4
BAUCH,4
SEITE,4
FRAUEN,4
BLACK,4
LIKE,4
SORRY,4
SCHWARZ,4
DACH,4
GUTEN,4
RUN,4
BE,4
PASSIERT,4
STEH,4
II,4
PARIS,4
GELD,4
NACHTS,4
ANDERS,4
VIELE,4
LIEDER,4
JAHRE,4
WISSEN,4
GHETTO,4
HAND,4
IRGENDWANN,4
LIEBER,4
UHR,4
HURRA,4
TUN,4
GOLD,4
GEBOREN,4
LEBENS,4
KÜSS,4
FRAU,4
ROCK,4
SCHATTEN,4
SCHEISSE,4
2010,4
VOLL,4
KOMMEN,4
BENZ,4
BLAUE,4
RAUS,4
PLAN,4
MUSST,4
MA,4
WACH,4
TÜRLICH,4
FREESTYLE,4
STERBEN,4
ARSCH,4
LADY,4
SCHENK,4
VERLIEBT,4
HEISST,4
SAN,4
2SAD2DISCO,4
SCHWEIN,4
KAPITEL,4
VERRÜCKT,4
TU,4
PART,4
SINGLE,4
WE,4
YORK,4
NEW,4
IRGENDWO,4
ANGST,4
AMO,4
KENN,4
ABEND,4
SCHLOSS,3
ISCH,3
MAUS,3
WIND,3
HÄTTE,3
FEIERN,3
EINSAM,3
GEBT,3
SCHLAF,3
SCHWARZE,3
WÄRE,3
ANNA,3
VERGESSEN,3
GERN,3
DOWN,3
MI,3
SCHÜSSE,3
OF,3
AMOR,3
HOBBY,3
JOE,3
SCHÖNER,3
MON,3
GOOD,3
LEID,3
UP,3
MASCHINE,3
RICHTIG,3
DANCE,3
MUSS,3
LIFE,3
CITY,3
BILDER,3
MENSCHEN,3
SEXY,3
VERLIEBEN,3
BESTEN,3
MACHEN,3
VERSTEHEN,3
KENNST,3
ZUHAUSE,3
WEINEN,3
INSEL,3
ALLSTARS,3
MENSCH,3
90,3
NEIN,3
SPÄT,3
LUST,3
NIX,3
000,3
PAN,3
VERLOREN,3
NEHMEN,3
MEI,3
BIG,3
NEUE,3
TRÄNE,3
GENUG,3
LÄNGSTE,3
JEANNY,3
OK,3
DAY,3
WUNDER,3
WÜNSCH,3
DUNKEL,3
NIGHT,3
DANKE,3
WAHR,3
MUH,3
BOY,3
MUTTER,3
OZEAN,3
DEUTSCHE,3
GANZE,3
PASS,3
WEISSEN,3
STRESS,3
GEFÜHL,3
MAG,3
NORMAL,3
BEAUTIFUL,3
TRÄUMEN,3
PARADIES,3
BODEN,3
LAUF,3
GEFÜHLE,3
BRAUCHE,3
MINUTEN,3
ABSCHIED,3
LILA,3
AHA,3
BESSER,3
OVER,3
BRINGT,3
FLIEGER,3
MACHT,3
HÖRT,3
MOMENT,3
HOL,3
VIELLEICHT,3
TO,3
LA,3
GANGSTER,3
WOLKE,3
FIEBER,3
RADIO,3
HANS,3
ZIEH,3
SCHULE,3
TANGO,3
SEHN,3
FRÜH,3
RUFT,3
ROSEN,3
KÖNIG,3
TANZT,3
NIMM,3
KNOW,3
DIEBE,3
ET,3
INDIANER,3
BUNTE,3
ATHEN,3
GANGSTA,3
COWBOY,3
ROBOTER,3
CLUB,3
DI,3
BOOM,3
SCHULD,3
VERDIENT,3
SCHÖNSTEN,3
PARA,3
TRUE,3
FEINDE,3
ST,3
MILLIONEN,3
CO,3
ZEIG,3
ECHT,3
DRÜCK,3
VOL,2
REST,2
BLECH,2
KUCK,2
WARNUNG,2
LEERE,2
WARTEN,2
SCHNELL,2
SEHEN,2
RETTEN,2
APPLAUS,2
SUMMER,2
LIEGT,2
HEIMAT,2
WARTET,2
ARMEN,2
NAME,2
FICK,2
BY,2
NEBEL,2
STÜCK,2
FALL,2
BALLER,2
GESAGT,2
STEINE,2
SPITTE,2
KÖLSCHE,2
PETER,2
MORGENS,2
KLINGT,2
ALTE,2
BOOT,2
SHIT,2
GLÜCKLICH,2
SERVUS,2
VERLIEBTE,2
FISCHER,2
HIT,2
GROSSER,2
RUFST,2
STUNDE,2
KALT,2
RESI,2
SPRING,2
ME,2
GESEHEN,2
GANZES,2
COPACABANA,2
FLUGZEUGE,2
DREHT,2
WEIHNACHTSSONG,2
MELODIE,2
BEIDE,2
FRAGEN,2
JAM,2
SCHAFFEN,2
ALLEINE,2
EINFACH,2
DANACH,2
SCHLAND,2
COMPUTERLIEBE,2
GESCHÄFT,2
BAM,2
MÖCHT,2
ARSCHLOCH,2
ALIVE,2
WOLLT,2
SHOOTE,2
WEITER,2
AUFSTEHN,2
VERKACKT,2
PURPLE,2
HAZE,2
GIFT,2
ENTSCHULDIGE,2
BOUNCE,2
NIKE,2
WÄRST,2
GUAT,2
POWER,2
JUMP,2
DJ,2
SONGS,2
BRAUCHT,2
TILIDIN,2
KUH,2
WESTEN,2
LECKER,2
PLEM,2
SONNENSCHEIN,2
DRAUF,2
FREMDE,2
SAMSTAG,2
ZUKUNFT,2
DRAUSSEN,2
MARIE,2
NÄCHTE,2
HOFFNUNG,2
TAXI,2
BESCHEID,2
HUNGER,2
DAVON,2
99,2
MACHO,2
GET,2
ROT,2
VERMISST,2
WÄREN,2
PHÄNOMENAL,2
WÜRD,2
WOLL,2
BENZIN,2
BLUE,2
LET,2
LEUCHTTURM,2
ZEITEN,2
HOE,2
CIAO,2
TRÄGT,2
OFT,2
EASY,2
TEAM,2
HASH,2
SHEM,2
HO,2
WILDE,2
CLICK,2
HIN,2
FREUNDE,2
EIGENTLICH,2
PIEP,2
BA,2
FRANKREICH,2
KANNST,2
TEUER,2
CLAP,2
WOLKEN,2
BORA,2
NOCHMAL,2
RE,2
GESCHICHTEN,2
LETZTER,2
BLING,2
LEYLA,2
BREAK,2
ANTHEM,2
BRECHEN,2
HERZEN,2
SEHR,2
BLICK,2
IRGENDWIE,2
SEH,2
RING,2
COCO,2
KÜSSEN,2
ERINNERUNG,2
RENNEN,2
SUPER,2
WURST,2
LICHTER,2
NAMENS,2
AMI,2
WOHL,2
SIN,2
SCHREI,2
FAMILY,2
EXPRESS,2
ÜBERALL,2
STRASSE,2
KIDS,2
WILLKOMMEN,2
RAUCH,2
GANG,2
FINAL,2
PAM,2
1000,2
STARLIGHT,2
KRIEG,2
KOMME,2
ALPHA,2
TASCHENLAMPE,2
BRENN,2
BESTE,2
WANNA,2
EYEZ,2
LIMIT,2
TAT,2
TUUT,2
FRIEDEN,2
HAUT,2
13,2
POLIZEI,2
NEU,2
2002,2
KLAR,2
54,2
74,2
PALMEN,2
JAY,2
MÜDE,2
VERLIER,2
FRÜHSTÜCK,2
KAMPFGEIST,2
CHAMPIONS,2
KOKS,2
NEYMAR,2
KM,2
FANG,2
07,2
MILLION,2
ZEHN,2
HEAVEN,2
PERFEKT,2
SHOWTIME,2
2011,2
110,2
JEIN,2
FREIHEIT,2
SATT,2
ANTWORT,2
FAHR,2
2006,2
RUHE,2
KUSS,2
LOUIS,2
LEBE,2
MARTIN,2
BRÜCKEN,2
HEIMWEH,2
FRISCH,2
VATER,2
ROM,2
FAUST,2
VERDAMP,2
HER,2
SAND,2
BRAUCHST,2
CALLING,2
GROSS,2
ERDE,2
LEIDER,2
WIEDERSEHEN,2
SEELE,2
AFRIKA,2
MOSAIK,2
HELDEN,2
JAHREN,2
SÜNDE,2
WISH,2
SIGNAL,2
ONE,2
ARE,2
FRED,2
MITTERNACHT,2
SCHATZ,2
VIJA,2
MR,2
ADIOS,2
ROCKSTAR,2
BAU,2
MERCY,2
RUF,2
ERST,2
JOANA,2
SOLDATEN,2
ERKLÄRE,2
SCHLECHTES,2
ONKELZ,2
SOLLEN,2
BLONDE,2
JESUS,2
HAUSE,2
UNENDLICHKEIT,2
GENAUSO,2
ALEX,2
MORNING,2
ANDERE,2
SHOTZ,2
KARMA,2
BETT,2
1634,2
ROHDIAMANT,2
1632,2
ENDET,2
2012,2
GEILES,2
KATHARINE,2
MELATONIN,2
SICHER,2
AMG,2
THIS,2
NICH,2
IRGENDWAS,2
DYNAMIT,2
PANIK,2
TI,2
WAHLKAMPF,2
WAT,2
RICH,2
BROT,2
LIPPEN,2
SOWIESO,2
HOLLAND,2
FLIEG,2
REMIX,2
BARS,2
VERZEIH,2
VIVA,2
ATEMLOS,2
GUCCI,2
ZONE,2
ROLL,2
COLONIA,2
TIGER,2
WEINST,2
JAJA,2
PLANET,2
GENAU,2
KA,2
ALICE,2
IBIZA,2
GETRÄUMT,2
ANFANG,2
GONNA,2
NOT,2
FOR,2
MANUEL,2
STIMME,2
KÖNNT,2
TAGEN,2
AMOUR,2
MAJOR,2
NEED,2
TOM,2
WAHRHEIT,2
ZÄHLT,2
EISBÄR,2
KNUT,2
VORBILD,2
WAHNSINN,2
SEI,2
LETZTES,2
HERBERT,2
REPARIEREN,2
STOLZ,2
BLAU,2
ISTANBUL,2
ZUG,2
REGNET,2
MARLEEN,2
GESCHEHEN,2
WIRKLICH,2
UNTERWEGS,2
ALLEMANN,2
DE,2
HASS,2
BRUDER,2
TAUSEND,2
VORAN,2
HAPPY,2
ROYAL,2
CASINO,2
SELBEN,2
FARBEN,2
ALKOHOL,2
HEART,2
ERDBEERMUND,2
MODEL,2
ÄNDERT,2
TAKE,2
SANTA,2
STILL,2
SUPERSTAR,2
GOOSE,2
SUNSHINE,2
WERT,2
RIECHST,2
SHAWTY,1
HALTE,1
MASAFAKA,1
BIRKIN,1
BAEBAE,1
EINSAMER,1
MOVEZ,1
GRUNDLOS,1
PROGRAMMIERT,1
OUT,1
BLAUES,1
NA,1
FRAGEZEICHEN,1
REGENBÖGEN,1
SCHLAFEN,1
CENT,1
50,1
CHINCHILLA,1
VAILLANT,1
MICHEL,1
NORMALER,1
MOG,1
BEWEG,1
365,1
DRILLA,1
WEIHNACHTSMEDLEY,1
ALDER,1
NESSAJA,1
TRÄGST,1
STÜMPER,1
LUFT,1
KANDIDIERE,1
FALLEN,1
BLANK,1
ZEIGE,1
PAPI,1
DADDEL,1
BIELEFELD,1
ACHTUNG,1
WEITERER,1
ZAHL,1
BLUEPRINT,1
BATAILLON,1
BEREUE,1
FLASCHE,1
ERLANGEN,1
22,1
187,1
SEKUNDE,1
EISBAER,1
DÉJÀVUS,1
ÇÜS,1
GROSSSTADT,1
SINNE,1
DEUTSCHEN,1
WISSENSWERTES,1
BLUNT,1
GRÖSSTE,1
DARK,1
DRAGAN,1
TRÜMMER,1
ELECTRO,1
VOGEL,1
LÄSST,1
LIAM,1
MARATHON,1
AUTO,1
GIANNA,1
KOGONG,1
MIX,1
BALKAN,1
SHINDY,1
JONNY,1
BAYOU,1
BIETIGHEIMICATION,1
LUFTBALLONS,1
YAKUZA,1
WANTED,1
AUTOMATISCH,1
LENA,1
ENTOURAGE,1
MOST,1
BERLINS,1
HIMBEEREIS,1
SLEEP,1
SOME,1
FEHLERFREI,1
PERDONO,1
EISBLUMEN,1
MEXICO,1
LORRAINE,1
BIBO,1
KURZ,1
MALLORCA,1
CORA,1
NARBEN,1
ENERGIE,1
AUSMACHT,1
DÄ,1
6AM,1
CRACK,1
MERCEDES,1
OUTRO,1
SKRUPELLOSER,1
BRUTALER,1
ÄLTER,1
PIECE,1
UNTERNEHMEN,1
KOMPLIMENT,1
LAUTER,1
FLAMME,1
NIPPEL,1
AMERICA,1
AWAY,1
KUDDEL,1
FAR,1
HELLWACH,1
CHANCE,1
QUARK,1
KICKDOWN,1
PERSPEKTIVE,1
LAMBORGHINI,1
GO,1
PORNO,1
ALLOA,1
NUN,1
KAFA,1
EFFECT,1
MILE,1
MILLIONDOLLAR,1
APFELBAUM,1
KETAMA,1
TICKET,1
PERFEKTE,1
WELLE,1
SOUVENIR,1
ROSEMARIE,1
HULI,1
SAFT,1
BITCH,1
ALARMSIGNAL,1
WÜSTE,1
BUTTERFLY,1
RAGE,1
SCHIFFSVERKEHR,1
AMNESTIE,1
SHOOT,1
SCHÖNSTE,1
MONEYHONEYDRIP,1
FASTLANE,1
ARTIST,1
FAVOURITE,1
ZUHÄLTERAURA,1
ÜBERHAUPT,1
RAPKILLER,1
NENNST,1
ÜBERLEBEN,1
SCHOTTENROCK,1
US,1
ANTIWILLKOMMEN,1
PAUSE,1
RAFFAELO,1
INTO,1
SLIPPING,1
MARLBORO,1
VERBOTEN,1
JING,1
JINGELING,1
WEISSER,1
WEIHNACHTSSCHNAPPI,1
LACHT,1
SKRR,1
MASSEPHASE,1
REGIEREN,1
STÄNDERTIME,1
TITANIC,1
10VON10,1
OFFDAY,1
2008,1
FORT,1
BATZEN,1
HOLLYWOOD,1
100ER,1
POSTER,1
ERIKA,1
FIRE,1
BÜRO,1
HEIRAT,1
ENTFLIEHN,1
BABA,1
FABIAN,1
LÜGST,1
ROID,1
SCHWULE,1
BADMÓMZ,1
EMANUELA,1
MONOPOLI,1
1976,1
ORDENTLICH,1
WAFFEN,1
SCHÄTZELEIN,1
FEIGENBÄUME,1
AVE,1
GEKLAUT,1
SHAYK,1
IRINA,1
SAY,1
NEVER,1
KAIOKEN,1
HANF,1
AZZURRO,1
PUPPEN,1
FALLSCHIRM,1
KAJAL,1
SEELEN,1
SOLALA,1
DRUFF,1
LIABSTEN,1
FRIENDZONE,1
PRISON,1
ARTGERECHT,1
LEE,1
DANIEL,1
ADIEU,1
SAGT,1
SORGEN,1
ZIMMER,1
PROBLEM,1
CRASHEN,1
UNE,1
WÖLFE,1
ZUHÄLTERTAPE,1
48,1
MFG,1
STEIGT,1
LANGE,1
PULS,1
NIEMALSANTÄUSCHEN,1
EY,1
FRÖMMSTE,1
LORD,1
DEAR,1
700,1
MAIN,1
OBSESSED,1
CHICK,1
SOSO,1
EUROPAMEISTER,1
REGIER,1
HERZALARM,1
VERDAMMTE,1
BAE,1
SVE,1
MOJE,1
LIGHT,1
COKE,1
VVS,1
GIGI,1
ALIEN,1
TYP,1
LIEBMICHHASSMICH,1
GISELLE,1
SCHWEISS,1
HINGEHST,1
TRAUMBOY,1
36GRAD,1
THEATER,1
LAYLA,1
OLLI,1
DESERVE,1
DREAM,1
REIMEMONSTER,1
BOSS,1
WENIGER,1
ERTRINKEN,1
BÜNDCHEN,1
2015,1
WILDES,1
BUBU,1
MACHST,1
JUNIMOND,1
KÖNNTEN,1
BLUMEN,1
HAMMERHART,1
SCHAFFST,1
STARTING,1
ALARM,1
HIMALAYA,1
SCHLUSS,1
STRASSENJUNGE,1
DIAMANT,1
HÖRN,1
DSCHUNGEL,1
CHECKA,1
SUBWOOFER,1
VERGESSENEN,1
HUNGRIGES,1
RANGEL,1
CROSSOVER,1
TURALURALURALU,1
ZEIDVERSCHWÄNDUNG,1
PUNKER,1
FLEX,1
EHREN,1
KÜSSCHEN,1
PEDRO,1
KÖNIGLICH,1
SPITZE,1
TOR,1
BALL,1
SCHIESS,1
BAGGER,1
BODO,1
TEARS,1
FROZEN,1
KÄFER,1
KARL,1
KMDF,1
TRINKEN,1
GEMMA,1
RÜCKSICHT,1
ONLYFANS,1
ZULETZT,1
STIRBT,1
LEBENSKRAFT,1
PRINZESSA,1
GANS,1
GUSTAV,1
POCAHONTAS,1
DARF,1
JANE,1
FREIDREHEN,1
MONTPELLIER,1
AURÉLIE,1
MÖRDER,1
136ER,1
FUNKY,1
SIP,1
SPERRBEZIRK,1
SKANDAL,1
SLADDGO,1
SUN,1
FAHRER,1
HOT,1
SPOTLIGHT,1
FREEMAN,1
SCHÜTZENDER,1
DANKBAR,1
SCHLECHTESTEN,1
EISBÄRN,1
ROSANNA,1
GESCHICHTENHASSER,1
ERWACHT,1
LUTSCH,1
WÜRDEST,1
PUPPE,1
VERMISSEN,1
FOUREVER,1
TRAUMREISE,1
BRUTAL,1
WANDSCHRANK,1
GUTAUSSEHEND,1
AKS,1
BACK,1
EK,1
3AM,1
MINUTE,1
MODELA,1
UNENDLICH,1
SMOKE,1
ROLLER,1
TGV,1
MODELL,1
VOLLDAMPF,1
SCHLÜMPFE,1
LOVESONG,1
ENGLEIN,1
LAMBADA,1
INDIAN,1
SAUSESCHRITT,1
DÜSE,1
CODO,1
ASCHEREGEN,1
UNROCKBAR,1
FLIEGST,1
LAURA,1
STUTTGART,1
FEEL,1
HYMNE,1
BVB,1
2017,1
TEMPOMAT,1
GRAU,1
KANAKEN,1
BENZEMA,1
TRULLALA,1
TRA,1
TRI,1
BINS,1
SCHNAPS,1
SIEBZEHN,1
STOFF,1
TOMEKK,1
KORNFELD,1
PRINZESSCHEN,1
PISTOLERO,1
PUSSY,1
GOLDJUNGE,1
HÖHA,1
PULLOVER,1
SWING,1
ENZIAN,1
WÜNSCHT,1
ICHISICHISICHISICH,1
ZUSAMMEN,1
ICE,1
UNBEKANNT,1
SCHNELLA,1
SAGA,1
HARTREIM,1
FREISEIN,1
CAZAL,1
LOVER,1
JUDGE,1
BENGALISCHE,1
HERBERGSVATER,1
LIEBESBRIEF,1
SCHREIBEN,1
MAILBOX,1
BAG,1
NIMMERLAND,1
BALLADE,1
RICHTEN,1
DINGE,1
BRUST,1
HAARE,1
ANDALE,1
MONDSONG,1
CEOS,1
SÜDEN,1
KESSELN,1
FORREST,1
AWG,1
JESSICA,1
HAUSHALT,1
POURQUOI,1
DRITT,1
RENEGADE,1
WAHRE,1
MARLENE,1
LEHRER,1
ELEKTRISCHES,1
LUISA,1
BOBBY,1
MARTEN,1
JUMPER,1
UNKRAUT,1
ZART,1
LUXUS,1
ADLER,1
DARAN,1
RÜCKENWIND,1
SCHICKSAL,1
COMMITMENT,1
OR,1
DOPEBOY,1
INZIDANCE,1
KALIBER,1
GROSSES,1
SPÜR,1
SITZHEIZUNG,1
ZACK,1
ZICK,1
GEILE,1
ISSUES,1
HULAPALU,1
LISA,1
HOW,1
ENDGEGNER,1
FÜRSTENFELD,1
WAHL,1
WELCH,1
PROJECT,1
CHARTBREAKER,1
CHAOS,1
DO,1
FILM,1
HUGS,1
MDMA,1
EISENHERZ,1
NACHBEBEN,1
TRIFFT,1
CARBONARA,1
HESSE,1
HURT,1
DIGGA,1
WEITA,1
PROLOG,1
GREY,1
HE,1
HEJA,1
ALOHA,1
MAUER,1
ERKENNT,1
AUGENBLING,1
NICE,1
GRENZENLOS,1
JOKO,1
ESPAÑA,1
MAKE,1
40K,1
VINCENT,1
DISS,1
TANZE,1
TRENDSETTER,1
SAMBA,1
FYM,1
HORIZONT,1
KAHN,1
CHARDONNAY,1
LONELY,1
BUCH,1
MIGNON,1
FILET,1
DANIELLE,1
GOING,1
ADAM,1
CHILDREN,1
SIRENEN,1
HITZE,1
HAYAT,1
RICHTIGE,1
HONDA,1
CIVIC,1
HALLELUJA,1
NEGERLEIN,1
SQUARE,1
STROM,1
ASCHE,1
STAUB,1
PSYCHO,1
NIKOROS,1
MASERATI,1
LAUTA,1
STURMMASKE,1
QUIZ,1
FRAGT,1
WEISSES,1
BLATT,1
PAPIER,1
TRIPLE,1
THREAT,1
TUST,1
SCHLUMPF,1
KLASSIK,1
MARIANNE,1
ABGEBRANNT,1
STANDARD,1
WAGEN,1
WORD,1
NINA,1
BITURBO,1
ROSE,1
THERE,1
GRIECHENLAND,1
SAFARI,1
KLABAUTERMANN,1
JOSY,1
FICKE,1
PORZELLAN,1
ROLLE,1
MATRIX,1
YEAH,1
SHANK,1
HALFTIME,1
BERÜHRT,1
SPIELT,1
WÄSCHE,1
PUSH,1
MEIM,1
JECK,1
LEISER,1
LEA,1
HAMSTER,1
RÉSUMÉ,1
SCHEISSEGAL,1
BESOFFEN,1
UNIVERSUM,1
SCHWEREN,1
KAMPFSPORT,1
BELLISSIMA,1
NBA,1
CLOUD,1
AMIN,1
PUTA,1
MADRE,1
WUNDERVOLL,1
WORLD,1
DISCO,1
JOHNNY,1
LÄNGER,1
KAMIKAZE,1
KILL,1
BRENNA,1
TUATS,1
HILF,1
REVOLUTION,1
NAUTILUS,1
KÖNNTE,1
ERSCHIESSEN,1
VERSCHWEND,1
9MM,1
KÄMPFERHERZ,1
VENUS,1
GLÜCKSMOMENT,1
EISERNER,1
EFH,1
GOTTI,1
JOHN,1
WAND,1
GOETHE,1
RONIN,1
NÄCHSTES,1
OPTIMISTEN,1
STÜRZT,1
SUIS,1
AUFEINANDER,1
PARK,1
ZUGEHN,1
SUPERHELDEN,1
ZUHAUS,1
TRETBOOT,1
SEENOT,1
GABY,1
STEG,1
SUICIDE,1
DOORS,1
GOMORRHA,1
30,1
INFO,1
OKAY,1
BILL,1
HALEY,1
SODOM,1
FINGER,1
SYGL,1
LEBST,1
GEZÄHLT,1
POGO,1
CHI,1
KAKA,1
TATTOOS,1
04,1
UNDERDOG,1
SCHADE,1
SUPERNOVA,1
U23,1
LO,1
RAFFAELLO,1
CATALEYA,1
AIRPORT,1
WIEDERSEHN,1
KNÖCHELTIEF,1
BUBBA,1
CHANEL,1
FLAGGE,1
ERSTEN,1
FRÜHLINGSGEFÜHLE,1
LAUTLOS,1
HUBBA,1
HOODTAPE,1
BRILLIS,1
CRUISEN,1
ONEWAY,1
HAFTSTRAFEN,1
VERLIEREN,1
BLUTDIAMANTEN,1
MALEDIVEN,1
SCHLÄFT,1
VERMISSE,1
OG,1
DATA,1
HADES,1
MILLIONÄRE,1
SPRINGFIELD,1
FRISÖR,1
TIPTOP,1
ZWEIEN,1
NACKT,1
ZWEISTELLIGE,1
SPIELEN,1
MODULE,1
STROHBLUMEN,1
WEIBER,1
TRIKOT,1
TURIN,1
AUSFLUG,1
SANG,1
KÄNGURU,1
TREPPENHAUS,1
CLAIRE,1
DOKTORSPIELE,1
STAND,1
JEANS,1
ANDEREN,1
BENZO,1
ARRIVEDERCI,1
BIETIGHEIM,1
VORNE,1
WURM,1
FALSCHES,1
PARADISE,1
WECK,1
KOLLEKTIV,1
FREEDOM,1
LITTLE,1
REBELL,1
NEPTUN,1
ÜBERMORGEN,1
BERG,1
BALENCIAGA,1
LORELEY,1
METER,1
GLÜCKSPRINZIP,1
TIEFER,1
GLOCKENSPIEL,1
VOLLMOND,1
DRIN,1
BAYRISCHES,1
KOPFWEH,1
SNOWBUNNY,1
ROADRUNNER,1
SONNENLICHT,1
PFLASTER,1
HELL,1
COWGIRL,1
FISCHERDORF,1
BRING,1
FÜHLT,1
GENKIDAMA,1
WICHTIG,1
SANTAMARGHUARITANOBILEDIMÔNTEPULCIANO,1
KLEINES,1
BLUSE,1
KNOPF,1
GENICK,1
KANINCHEN,1
SANDSTORM,1
JAGDSAISON,1
SÜSSER,1
REGENBOGENFARBEN,1
HOLT,1
HINTERLAND,1
LIEBESLIED,1
SOCIAL,1
25,1
STARKE,1
EWIG,1
TICKEN,1
VERPENNT,1
AYO,1
MEDIA,1
VORSPRECHTERMIN,1
RUHR,1
VERSTRAHLT,1
SATELLIT,1
TRAU,1
SAMURAI,1
BRENNEN,1
BANKÜBERFALL,1
FLIEGERLIED,1
TITTEN,1
ERTRAGEN,1
WUNDERKERZEN,1
BEREIT,1
1K,1
PARKBANK,1
PINGUIN,1
XHEP,1
TECHNOLOGY,1
STURM,1
ALLEINESEIN,1
ZOOM,1
RADAR,1
IDEE,1
MAYBACH,1
LAUNE,1
NATUR,1
ASTRONAUT,1
TERPENTIN,1
MAHALLE,1
HEYAH,1
WORTE,1
SPRACHE,1
PARFUM,1
HELGOLAND,1
BARGELD,1
DOLLAR,1
TSCHERNOBYL,1
KARNEVAL,1
FRAGE,1
BLAUER,1
2003,1
FRUCHTALARM,1
TIERISCHER,1
ALF,1
RHONDA,1
BRIEF,1
ERDEN,1
SCHRIEB,1
NEXT,1
RAOP,1
STUDIOGANGSTER,1
TIEFSCHWARZ,1
VIENNA,1
DÄPP,1
AUSLÄNDER,1
EVA,1
JITT,1
FUCKST,1
KREIS,1
MURCIELAGO,1
STELL,1
LEGENDE,1
BABYLON,1
OMA,1
LISE,1
FOLLOW,1
PINKY,1
BRÜCKE,1
AMERICAN,1
ROOTS,1
NENENE,1
AUFLÖSEN,1
FLECKEN,1
OFF,1
DICKA,1
AMEX,1
WOOD,1
ZIEHN,1
VAMPIRE,1
SCHWUNG,1
KISTE,1
KADALE,1
KÜSSE,1
47,1
BEL,1
LAS,1
STEUERSONG,1
OMG,1
DANCEHALL,1
CABALLEROS,1
95,1
BPM,1
LOTOSBLUME,1
KAKTUS,1
ÄGYPTER,1
ERLEBEN,1
LAMA,1
YOKOHAMA,1
GENERATION,1
POPSTAR,1
CB,1
GUAPA,1
FUNKER,1
AURA,1
SURVIVAL,1
MODE,1
PRÄSI,1
SUITE,1
SING,1
WESSIS,1
MISSING,1
SWEET,1
PROMINENT,1
HENTAI,1
DEMO,1
DREAMS,1
SONY,1
PICTURES,1
HINSETZEN,1
CELLO,1
ANSCHNALLEN,1
KONNTEST,1
MAJESTIC,1
VAGABUND,1
SCHEEN,1
LIEBESSCHMERZ,1
KEI,1
FEIERALARM,1
XENIA,1
LIEBLINGSMENSCH,1
QUEEN,1
MVP,1
SELBST,1
NEUSTART,1
FANTASIE,1
STOLPERN,1
BUDDIES,1
LEMON,1
POPULÄR,1
HIJA,1
ERDBEBEN,1
BÖSE,1
KIFFEN,1
WEEE,1
SUMMERFEELING,1
VERSUCH,1
BESTMÖGLICHE,1
DRUM,1
ORT,1
KLICK,1
KLACK,1
SEIDENEN,1
FADEN,1
CHERRY,1
DUNKLER,1
STROBO,1
ROUND,1
POP,1
SEEMANN,1
WADDE,1
HADDE,1
DUDDE,1
WINTER,1
PUR,1
BRÄUNER,1
DÜSSELDORFER,1
SCHUNDER,1
APPELLE,1
FLAMMEN,1
GMO,1
PICCOS,1
PERLENTAUCHER,1
KANZLERN,1
RUHIG,1
CAPITAL,1
BEHALTEN,1
OBEN,1
SANTORINI,1
ANGELO,1
CHAYA,1
LIEGE,1
BRA,1
WEISSE,1
FUCHS,1
DUFT,1
WALD,1
THUNDER,1
FKK,1
EVERYBODY,1
FREE,1
WEAR,1
SOFORT,1
FÄSSER,1
LASSE,1
REDN,1
KIOSK,1
RAIN,1
DONNERSONG,1
BODY,1
TARZAN,1
DIS,1
FASTLIFE,1
PILLE,1
VIE,1
BABYGIRL,1
MAGIC,1
SPIEGELBILD,1
GELEBT,1
WALKAMPF,1
YKKE,1
EL,1
LUTE,1
SCHWER,1
WIEDERSEH,1
LÜGEN,1
NOVEMBER,1
ARBEIT,1
WALDSPAZIERGANG,1
KURT,1
GJYNAH,1
FÜHR,1
BUGATTI,1
OPTIK,1
SCHLAFLIED,1
REAL,1
JETSKI,1
GEFRAGT,1
FAME,1
VEYRON,1
NOW,1
ROBBY,1
SUCHE,1
SONNY,1
BLABLA,1
EISMOND,1
DÖNER,1
FOLGEN,1
SOHN,1
SCHWARZES,1
STRASSENBANDE,1
KIEL,1
NDW,1
STUMME,1
SCHREIE,1
SCHIFF,1
SCHÄFERLIED,1
GRÜNE,1
REIF,1
BRILLE,1
SCHWAMMALARM,1
NICHIMGRIFF,1
POLIZISTEN,1
APPELLES,1
CONAN,1
FULU,1
KIEZ,1
HAMMA,1
TEDDYBÄR,1
100K,1
CASH,1
RUCKSACK,1
FEHLER,1
SCHIZOPHREN,1
ERBLINDET,1
VIER,1
SOMMA,1
FLUT,1
ZOMBIE,1
BLÜHEN,1
GEFREUT,1
19,1
GERMAN,1
GHEDDO,1
ZERRISSEN,1
KOSTET,1
VAN,1
SANDY,1
GOODBYE,1
RETTE,1
KATJA,1
ESKIMO,1
GUADALAJARA,1
VAART,1
SCHRÖDI,1
PROBIERT,1
BEIFAHRERSITZ,1
ISSO,1
60,1
111,1
KRAUSE,1
HOLZMICHEL,1
SCHRA,1
TOPMODEL,1
TATTOO,1
SOUL,1
GESEGNET,1
SEIST,1
AMCAOGLE,1
TESTO,1
STERBE,1
MEPHISTO,1
SCHRI,1
FROHES,1
OLIVIA,1
SINALOA,1
DARBY,1
PLAYA,1
BLANCA,1
RUTH,1
LARA,1
HABIT,1
ANTON,1
BENTLEY,1
TBC,1
KRIEGER,1
LICHTS,1
NEBENJOB,1
YO,1
TIROL,1
AIM,1
80,1
DOPPELKINN,1
DICKER,1
DRAUFGÄNGERJUNGE,1
MAMI,1
BREAKING,1
WEIHNACHTSMANN,1
KAPUTT,1
LIT,1
STERNENHIMMEL,1
GEMÄLDE,1
UNNORMAL,1
DRIVE,1
EMPIRE,1
BUSINESS,1
VERPISS,1
HASHTAG,1
STANDORT,1
MANCHESTER,1
SÜSS,1
LIEBES,1
GANZER,1
MALAIKA,1
BEEF,1
REGNEN,1
LEGENDEN,1
PALERMO,1
ELKE,1
LANGEN,1
REISE,1
SPASS,1
EIERMANN,1
VODKA,1
KOMMUNIKATION,1
JESSE,1
HITMIX,1
DOUCE,1
INNOCENTE,1
HYPNOTIZE,1
FREU,1
BLOSS,1
BOB,1
BREMSE,1
WIDERSTAND,1
STARK,1
CLYDE,1
HOME,1
FERNSEHMANN,1
KLEIN,1
WILLY,1
PAAR,1
BONNIE,1
SOMMERREGEN,1
ROTEN,1
EMOTIONS,1
CLUBHOUSE,1
WITH,1
HALSBAND,1
ADÉ,1
MARIO,1
MARLEY,1
COURT,1
CENTRE,1
XXL,1
VOLT,1
KONG,1
MÄRCHEN,1
RHODOS,1
CHICA,1
ELEKTROTITTE,1
GEBE,1
CEM,1
HOLZHACKERLEIT,1
ABGEHN,1
RECHT,1
VALLA,1
LUSTIGEN,1
UNENDLICHES,1
FLIP,1
KIND,1
BRUTTOSOZIALPRODUKT,1
HURZ,1
ETAGE,1
ZEHNTE,1
DUDLEY,1
DAVE,1
UNHEILBAR,1
LOWRIDER,1
HUSKY,1
AIRBNB,1
ADRIANO,1
VERGIB,1
FLOUZ,1
KOKAINA,1
RATCHET,1
COMING,1
VERZWEIFELT,1
USCHI,1
BO,1
DICKES,1
FIRED,1
TE,1
WEIHNACHTSBAUM,1
MULA,1
MOSQUITOS,1
TOD,1
SCHERBENMEER,1
TMM,1
BESCHÜTZ,1
GUILTY,1
VORÜBERGEHEN,1
PASST,1
WEISE,1
ZWEIFEL,1
HEIMKEHR,1
TAMED,1
TABASCO,1
STREICHHOLZ,1
ANGEKLAGT,1
III,1
THUNFISCH,1
WEINBRAND,1
24,1
NDA,1
SCHWALBE,1
MEXICAN,1
GANGSTERRAPCREW,1
HIMMELBLAUPERFEKTBREIT,1
ANA,1
AHABAK,1
GROSSSTADTDSCHUNGEL,1
ART,1
PASSEN,1
CRISPY,1
TOMMY,1
SPINNER,1
LV,1
DRINK,1
HABIBI,1
MONSUN,1
BESCHEIDEN,1
MEDMEN,1
GIFTGRÜNES,1
GUCK,1
UNTERGEHT,1
JEANNIE,1
REINE,1
CAN,1
GLITZA,1
NISCHT,1
MÖSCHTE,1
GISELA,1
SIEHT,1
ZRUCK,1
WÜ,1
KLAUS,1
QUIT,1
FÜHLEN,1
HYÄNEN,1
SÜNDEN,1
RAGGA,1
SCHWEINE,1
LIGA,1
1STE,1
MOGLI,1
KOMMISSAR,1
BURLI,1
QN,1
BERGE,1
SKANDALE,1
SOMMERGEWITTER,1
GRÜSS,1
BALALAIKA,1
JAMAIKA,1
ROLEX,1
HAHAHA,1
BIRTHDAY,1
HI,1
ATRAMIS,1
FRISS,1
STIRB,1
FAST,1
JANINE,1
MANTA,1
FRIDAY,1
BABE,1
FREUNDSCHAFT,1
500,1
OSSIS,1
KE,1
HARRU,1
DISKO,1
MOLLY,1
TAGES,1
PS,1
KRIMINELLER,1
VERTRAU,1
TONIGHT,1
JÄGERMEISTER,1
DANCING,1
MYSELF,1
GEZABEL,1
COACHELLA,1
SQUAD,1
WEIHNACHTSBÄCKEREI,1
LOVIN,1
GOSPEL,1
FLY,1
BITTERES,1
MANIFEST,1
GIMME,1
YOUR,1
2000,1
17,1
SPLISH,1
SPLASH,1
BADEWANNEN,1
TRAUBE,1
MINZE,1
HERZENSSCHÖNER,1
FLYY,1
CORLEONE,1
TAGESLICHT,1
KRISTALL,1
DUSCHE,1
ICK,1
WÜRFELSPIEL,1
AIME,1
VERSUNKEN,1
LUCIA,1
TANZPIRATOR,1
GEFEHLT,1
GERADE,1
ZUSAMMENLEBEN,1
PRIME,1
IPHONE,1
MAMBO,1
KYRILA,1
SECONDS,1
SONNTAGABEND,1
MARK,1
KNUTSCHFLECK,1
BERGEN,1
TOI,1
LAB,1
GEBROCHEN,1
REHAKLES,1
CHARLY,1
REVOIR,1
HEXEN,1
SAVAGE,1
DONG,1
WARLORDZ,1
BUENOS,1
DIAS,1
554,1
AU,1
VOICES,1
LOUISE,1
SUPA,1
RICHIE,1
PUSSYBOY,1
NOISE,1
ACH,1
NASE,1
GLAS,1
BLESSED,1
JR,1
LFR,1
END,1
KETTEN,1
CARTIER,1
HERZILEIN,1
ARGENTINA,1
BON,1
VOYAGE,1
SCHWESTER,1
SHAKIRA,1
TANZTE,1
MACARENA,1
JAPANESE,1
QUIETSCHE,1
ENTCHEN,1
200,1
LADIES,1
AMSTERDAM,1
WELTMEISTER,1
MALEN,1
SONNTAG,1
AMORE,1
MIO,1
HOPS,1
JUNIOR,1
BAYERN,1
KUMME,1
TABULA,1
RASA,1
3065,1
ZOEY,1
BESONDERER,1
BAYRAM,1
VERGISS,1
PT,1
DETAILS,1
VORANKOMMEN,1
DERF,1
NET,1
GENTLEMEN,1
HABIBO,1
ACKAN,1
JUNGFRAUENCHOR,1
HILLS,1
SCHNUFFELS,1
BELGISCHES,1
VIERTEL,1
GIBS,1
KLÜGSTEN,1
BEVERLY,1
TINA,1
LEISE,1
APPLE,1
POWERADE,1
PYRAMIDEN,1
VÖLLER,1
PAUKEN,1
GETAN,1
WEIHNACHTSLIED,1
ERINNER,1
94,1
UHREN,1
MARY,1
CHECK,1
INSHALLAH,1
IV,1
EIS,1
NEN,1
DUDELMOSER,1
SESAM,1
ALM,1
SCHICK,1
KOA,1
SÜND,1
GOTHAM,1
GRIND,1
RUDI,1
DOPE,1
LIEBS,1
TRUMPF,1
BARCELONA,1
HALTET,1
FELICITA,1
ROLLERCOASTER,1
ZONENMÄDCHEN,1
SONNEN,1
BRUCE,1
ENDLICH,1
WAYNE,1
CARMEN,1
CHILLN,1
WOLF,1
GEBOT,1
RAPSUPERSTAR,1
MILLIONÄR,1
PARTYALARM,1
ABGEHAU,1
BALLA,1
IDIOT,1
PROMISE,1
DÉJÀ,1
VU,1
HOES,1
VINTAGE,1
GEFANGEN,1
RHYTHMUS,1
FAHRRAD,1
HOLZMICHL,1
DIENEN,1
DR,1
TOCOTRONIC,1
KOKAIN,1
SPORT,1
ZEUGE,1
STARS,1
DONNA,1
REICH,1
SKIMASKE,1
QUAVO,1
EP,1
WOLLEN,1
SCHEISSMELODIE,1
YAPMA,1
NATASCHA,1
PURE,1
DÄCHERN,1
BUT,1
INSTA,1
SAD,1
BELLA,1
HAIFISCHNIKEZ,1
TRAINING,1
IDWK,1
DIAMONDS,1
AHNMA,1
ESPERANTO,1
NACKTE,1
FRISEUSEN,1
KROKODIL,1
SCHNAPPI,1
BRINGST,1
SCHACH,1
MATT,1
POLONÄSE,1
BLANKENESE,1
POKÉMON,1
DAFÜR,1
SCH,1
OVERDOSE,1
PAIN,1
VOLLSTRECKER,1
PRIMO,1
VIRUS,1
FLÜGEL,1
KUSCHEL,1
MANDARINEN,1
CHECKER,1
MONET,1
ALPEN,1
TY,1
COLT,1
PER,1
GESCHEH,1
AMOI,1
SEG,1
RUNNIN,1
45,1
SAGEN,1
PRINZ,1
MARRY,1
BLÄULICH,1
KAUF,1
LUCILLE,1
GRADE,1
ISYANS,1
DOLLARS,1
ROSENROT,1
98,1
RADW,1
UNSTERBLICH,1
LOCKEN,1
SCHUTZUMSCHLAG,1
DEUTSCHA,1
HUNGRY,1
EYES,1
GESTERN,1
STINKE,1
HÄNDE,1
MIEF,1
NORDISCH,1
BLECHBÜCHSE,1
NATURE,1
MAGISCH,1
VERÄNDERN,1
EM,1
LOT,1
SCHICKERIA,1
AUGENBLICKE,1
GOTTES,1
RISIKO,1
EGOIST,1
UNZERTRENNLICH,1
STILLE,1
BATTLEFIELD,1
MOON,1
SMS,1
HARTER,1
BRACHLAND,1
POMPA,1
KUSSKUSSKUSS,1
SNEAK,1
BETTINA,1
PREVIEW,1
WHATEVER,1
TOCCATA,1
DOLL,1
WILLIG,1
ABENTEUERLAND,1
WEIHNACHTEN,1
PANZER,1
EISBERG,1
ZUVIEL,1
PLAYLIST,1
MOLOTOV,1
GOTTSEIDANK,1
WAHRER,1
SATAN,1
TRAPSTAR,1
VERLANGT,1
FLUCH,1
WILDBERRY,1
LILLET,1
KONTROLLIEREN,1
BEDINGUNGSLOS,1
FAVELA,1
ROLLERBLADES,1
KORNBLUMEN,1
MELODIEN,1
PUNKROCK,1
VERFALL,1
BUNDESBAHN,1
IDISCO,1
BRENNENDE,1
GESCHLOSSEN,1
OFFEN,1
MONSTER,1
BESUCHEN,1
CONTROL,1
EUROPA,1
ZÄRTLICHER,1
TRAKTOR,1
WINGS,1
JAMBO,1
GMBH,1
LOCO,1
TROPEZ,1
SCHMIDT,1
SKY,1
WADLN,1
FUFFIES,1
AUTOPILOT,1
1234,1
STEADY,1
KUNSTFREIHEIT,1
JACOB,1
GEDECKT,1
SITZEN,1
FRONTLOAD,1
TURTLEZ,1
ROMANCE,1
DRILL,1
BLACKBERRY,1
VERGISST,1
BUSHIDOS,1
BOLON,1
DILEMMA,1
ARME,1
NEHM,1
ARM,1
GLAUBST,1
DARUM,1
UFF,1
LAUFE,1
LEUCHTREKLAME,1
VERMISS,1
ROTER,1
11,1
ALPHAGENETIK,1
CHECKST,1
LEBENSLÄNGLICH,1
PLAZA,1
WALZER,1
SCHAF,1
FIND,1
96,1
KAMEHAMEHA,1
VAMOS,1
DOUBLECUP,1
BOLERO,1
INSOMNIA,1
DARLING,1
MAAT,1
JOOT,1
MONOTONIE,1
TELEFON,1
KOMPANIE,1
SHAUN,1
BLEI,1
2007,1
MARTE,1
GEWINNER,1
ENEMIES,1
PUBLIC,1
POSSE,1
SOMMERGEFÜHL,1
DABEI,1
ELOAH,1
DICHT,1
50KM,1
SOLANG,1
UNVERGESSEN,1
UNVERGÄNGLICH,1
LEER,1
HOHE,1
TAPE,1
HEISSE,1
PHARAO,1
TRÄUMST,1
GHETTOGIRL,1
ANGEKOMMEN,1
SASCHA,1
AUFRECHTER,1
DEUTSCHER,1
MUKKE,1
NORDSEEKÜSTE,1
SÜDENS,1
06,1
GRAUER,1
SCHNEE,1
BERETTA,1
KRIMINELL,1
REVENGE,1
ORBIT,1
SKYLINE,1
ECHTEN,1
SCHLAFLOS,1
MYTHOS,1
GNUBBEL,1
NAJUCO,1
CROBOT,1
ROGER,1
VERDACHT,1
ERLEBT,1
VENDETTA,1
BORUSSIA,1
SCHALE,1
LUFTBAHN,1
HEISS,1
PHANTOM,1
TRIUMPH,1
MIKROFON,1
SCHUHE,1
MAUERN,1
BOSSMODE,1
SPÄTI,1
FMFL,1
TRINKT,1
FRIEDENSPANZER,1
THANOS,1
DUNGEON,1
DEALER,1
KEEPER,1
GLOCKEN,1
AIRWAVES,1
61,1
GRAD,1
GELERNT,1
HEUL,1
GERMANY,1
STERNEN,1
LOYALTY,1
MIOS,1
KOPFVILLA,1
1992,1
SCHWACH,1
ROSI,1
VILLA,1
HOLZ,1
GEISTERSTADT,1
ELISABETH,1
PFÜATI,1
SCHUTZENGEL,1
FÄULE,1
EXCEL,1
BORDSTEIN,1
CANNABE,1
BUFFON,1
HOP,1
AUGENBLICK,1
OHH,1
TAUSENDMAL,1
GIGANTEN,1
AUTOMOBIL,1
HIP,1
BLÖD,1
REMEMBER,1
BÜCK,1
HASSO,1
KORRUPTI,1
STIMMEN,1
100X,1
ALLEEN,1
WEINT,1
DIEB,1
MASPALOMAS,1
MISKIN,1
VERLORENES,1
LUV,1
KRIEGE,1
BESUCH,1
KHABIB,1
GOALGETTER,1
ERNTEN,1
PFERD,1
SÄEN,1
HARDCORE,1
PROMINENZ,1
MITTEN,1
SCHMETTERLING,1
SPIELER,1
STERNRAKETEN,1
BARADAR,1
VITAM,1
PUMP,1
INTERNATIONAL,1
CRIMINAL,1
ROSENKRIEG,1
SOMMERNACHT,1
NEMM,1
KENNE,1
SCHIMANSKI,1
HASSE,1
LION,1
SCHREIBT,1
STERNENSTAUB,1
FICKEN,1
HONIGTOPF,1
FML,1
ATZIN,1
NIGHTS,1
WHITE,1
MET,1
RUNTER,1
FABERGÉ,1
HERE,1
WHEN,1
PUSTE,1
PARTYHITMIX,1
SANDMANN,1
FRANKFURT,1
BABO,1
CHABOS,1
DRUMS,1
MILITARY,1
VS,1
LEONE,1
GEDACHT,1
20,1
MONAT,1
KATZEKLO,1
PINK,1
PANTHER,1
SÜSSEN,1
TRAUBEN,1
HÄNGEN,1
GEFEUERT,1
LEEV,1
KREUZBERGER,1
DURCHHÄNGST,1
NANO,1
UNDER,1
LEG,1
WESTERLAND,1
KRAL,1
KLEBT,1
CALM,1
BLÜHENDES,1
LÖWE,1
WANNSEE,1
AFFALTERBACH,1
PICKNICKER,1
KNIE,1
PROVENCE,1
JUNGZ,1
REITER,1
RIESENJOINTS,1
STRASSEN,1
FOKUS,1
HURACAN,1
CANADA,1
GOLDENER,1
MÖCHTE,1
IRON,1
EWIGE,1
DÉSOLÉ,1
MERAL,1
GRÜSSEN,1
VIP,1
PSYCHIATRIE,1
RENDEZVOUS,1
LANGEM,1
HELLO,1
BADEWANNE,1
AGAIN,1
TROPFEN,1
BAYRISCHE,1
BAND,1
ROLI,1
FREUNDLICHEN,1
ENES,1
ULTRALEICHT,1
SEKUNDENGLÜCK,1
TILL,1
ZEILEN,1
BARBADOS,1
SHOT,1
JUAN,1
SCHEITERN,1
FLOW,1
ITACHI,1
ONO,1
YOKO,1
KILO,1
AMG2,1
EMMA,1
TANTE,1
FUCK,1
KEEP,1
PAULI,1
CUP,1
GAMECHANGER,1
RUSE,1
NÄCHSTEN,1
EIGENEN,1
REGELN,1
DOUBLE,1
MADE,1
ADRIANA,1
UNTERDRÜCKT,1
BROS,1
ASCHENFLUG,1
STRASSENGESCHICHTEN,1
GUILDO,1
ALIENS,1
RUT,1
GUTES,1
SCHMERZ,1
LELELE,1
CAPTAIN,1
ICKEN,1
KONTOSTAND,1
WM,1
AUSGEHEN,1
40M,1
LÜG,1
RAPPER,1
SKLAVIN,1
QDH,1
DEUTSCH,1
SONNENBRILLE,1
LEICHTES,1
GEPÄCK,1
PROPHEZEIT,1
GEKOMMEN,1
HERMÈS,1
MOLEKÜLE,1
RUBINROTER,1
MONSTA,1
YYY,1
ELBE,1
KATRIN,1
PASSIEREN,1
QA,1
MILLENNIUM,1
BONE,1
LOW,1
JUNGS,1
SCHMETTERLINGE,1
SCHARFES,1
SCHWERT,1
WÄWÄ,1
LASSMICHRAUS,1
LASSMICHREIN,1
FIGHTCLUB,1
ALGE,1
MOONWALK,1
HEB,1
DENKEN,1
SCHUSS,1
HARAMI,1
ANDREAS,1
BRAUCH,1
CREW,1
TROY,1
TECHNO,1
LÄUFT,1
COUNTDOWN,1
SCHLÄFST,1
LU,1
LE,1
GUTER,1
BARBARA,1
GEGLAUBT,1
AIRMAX,1
FETT,1
CHANGE,1
NOTHING,1
REEPERBAHN,1
GEGENTEIL,1
CHILL,1
SHINE,1
NETFLIX,1
SOLLTE,1
PRINZIP,1
PATE,1
LIEGEN,1
MORE,1
HIGHWAY,1
KARATE,1
MADONNA,1
RUMBLE,1
ACHTERBAHN,1
POPSMOKE,1
FACKELN,1
FORTLIEF,1
KÜKEN,1
GESICHT,1
PIEPT,1
UDSSR,1
CHRISTINA,1
ANYMORE,1
TALK,1
CINDERELLA,1
STRADA,1
DEL,1
SOLE,1
2001,1
GURKE,1
REIN,1
SYMPHONIE,1
FEHLST,1
ÜBERMENSCH,1
DIOR,1
SOMMERSPROSSEN,1
SKANDALÖS,1
SKIFAHREN,1
DURSTLÖSCHER,1
SHIRINBAE,1
MEINST,1
FEUERWERK,1
GESUCHT,1
UNTEN,1
DISCH,1
JOB,1
SARAH,1
ZENTIMETER,1
HENNESSY,1
AYÉ,1
HOTEL,1
IBIS,1
ZAUBERSTAB,1
ECHO,1
ANITA,1
PLASTIK,1
CABRIOLET,1
6,1
UMARME,1
KINGS,1
MONSTERSHIT,1
LOST,1
DAMM,1
STOFFELN,1
HÖRST,1
REGENWÜRMER,1
HUSTEN,1
TIFFANY,1
LÖSUNG,1
FROM,1
DOWNS,1
CHROME,1
FERTIG,1
BOGOTA,1
BLEIBST,1
HAIFISCH,1
SACHEN,1
ECHTE,1
FINALE,1
ERWACHSEN,1
ALLEDEM,1
ROQUE,1
MEILEN,1
FATA,1
MORGANA,1
SEEN,1
SCHATZI,1
FOTO,1
GESCHENK,1
CHANGED,1
MIDNIGHT,1
HEARTS,1
DENKMAL,1
DESPERADO,1
GIRLS,1
VIBES,1
BERLINER,1
BEINHART,1
CHÉRI,1
OMI,1
GESETZT,1
SCHLUMPFEN,1
VÖLLIG,1
BABIES,1
BOCK,1
DRAMA,1
SOS,1
UPS,1
DOGGY,1
2X,1
NATIONALHYMNE,1
CCNDNA,1
KENNZEICHEN,1
TK,1
LOSGELÖST,1
MBAPPÉ,1
LABYRINTH,1
TAUSCH,1
REBELLION,1
KMN,1
FANTASY,1
WAZABI,1
KRANK,1
REDEN,1
LÄNDER,1
194,1
TELVISION,1
NULL,1
SINN,1
SPIEGEL,1
BLIND,1
SONDERZUG,1
PANKOW,1
NOMINE,1
GRÜN,1
SCHO,1
NIMMER,1
TRAURIGES,1
DNA,1
BART,1
CORDULA,1
KANAX,1
FACETIME,1
MOSKAU,1
STÄRKEN,1
FAIR,1
HEIMKOMMEN,1
EISKALT,1
ORCHESTER,1
TRENNT,1
BLUTIGE,1
MÄRCHENPRINZ,1
COMPRENDO,1
WACHSTUM,1
RAPSTARS,1
NURMAGOMEDOW,1
BALLIN,1
EXTASY,1
KARUSSELL,1
ANLAUF,1
VERLIERER,1
FERRARI,1
IZ,1
EDEN,1
GELIEHEN,1
GOLDENES,1
HANDWERK,1
FRAG,1
KRIBBELN,1
BALLERT,1
GEHTS,1
DREAMER,1
FLASH,1
KÖNIGSEE,1
HEIM,1
RADETZKI,1
SEÑORITA,1
SENNERIN,1
MARLENA,1
INTERESSIERT,1
4X4,1
WAGE,1
GLAUBEN,1
AL,1
QU,1
KOSMETIK,1
ÜBERDOSIS,1
KAISERAURA,1
WOW,1
FAFB,1
91,1
MONIKA,1
HORST,1
DIAMANTEN,1
CHÖRE,1
FUEGO,1
VIOLETT,1
ALBANY,1
REICHT,1
RUINIERT,1
ZUVOR,1
NOKIA,1
269,1
BABI,1
TRANCE,1
BARRIO,1
SCHWACHSINN,1
FEIERABEND,1
SÜCHTIG,1
CASANOVA,1
PEPPERMINT,1
GEGNER,1
PATRONA,1
FÜHL,1
BAVARIAE,1
YA,1
SALAME,1
ZENSIERTE,1
SUSI,1
SPRINGT,1
ERINNERST,1
WOLFEN,1
TIER,1
PRIMETIME,1
NEUANFANG,1
TIGHT,1
DRECKIG,1
SCHIEBEDACH,1
GLEICHE,1
BRATAN,1
VIELEN,1
SOLO,1
66,1
SCHOCKSTARRE,1
SIPPEN,1
ANGELS,1
ELOISA,1
KNEIPE,1
ROSENHEIM,1
BOOMERANG,1
PRESIDENT,1
STERB,1
MOVE,1
2004,1
TAUBEN,1
HOLEN,1
AVENTADOR,1
SONST,1
STRONG,1
WECHSELBALG,1
QUARTERBACK,1
GELOBTES,1
KRACHT,1
HERZBEBEN,1
PHÄNOMEN,1
ROCKSTARS,1
ZIEL,1
CABRÓN,1
KILLA,1
EISZEIT,1
ROTLICHTSONATE,1
BUMBEIDSCHI,1
HEIDSCHI,1
ABA,1
KOMET,1
1100101,1
ÜBERLEBT,1
TENNISSOCKEN,1
ASPHALT,1
JUPITER,1
RIO,1
LAMPENFIEBER,1
SETZ,1
