Wordlist sampler,,,,,,,,,,,,,,,,,,,,,,
"The last 100 items from each thousand up to 100,000 words.",,,,,,,,,,,,,,,,,,,,,,
corpus used: German Web 2013 (deTenTen13) preloaded/detenten13_rft3,,,,,,,,,,,,,,,,,,,,,,
specifications: word list of word forms | case sensitive | no additonal filtering applied | no manual validation,,,,,,,,,,,,,,,,,,,,,,
source: www.lexicalcomputing.com,,,,,,,,,,,,,,,,,,,,,,
position,position,position,position,position,position,position,position,position,position,position,position,position,position,position,position,position,position,position,position,position,position,position
901-1000,1901-2000,2901-3000,3901-4000,4901-5000,5901-6000,6901-7000,7901-8000,8901-9000,9901-10000,14901-15000,19901-20000,24901-25000,29901-30000,34901-35000,39901-40000,44901-45000,49901-50000,59901-60000,69901-70000,79901-80000,89901-90000,99901-100000
Wenn die,sowie ein,in welchem,Aber nicht,und ihnen,sie dem,Basis von,Personen und,führen und,hatte schon,der Menge,die speziell,der Sender,entsteht durch,aber gleich,Hier stehen,ans Ende,Erinnerungen und,Sowohl im,die maximal,der Blitz,Dafür sorgen,Marktplatz für
in diesen,möchten wir,die Gesellschaft,für seinen,die Verwaltung,der FDP,einem eigenen,erworben werden,Erweiterung der,gewesen ist,einem Teil,warum wir,auch ab,eine Kamera,Wert für,unseren Seiten,Die Auflösung,Danke auch,Sie bleiben,die Mauern,das Erlebte,Berliner und,Jahr besonders
wollen wir,die Suche,der Klasse,entwickelte sich,seine Frau,im Detail,Wer also,verhindert werden,hoch ist,gespannt sein,der Menschenrechte,war zum,eine fast,befreit werden,Ihr Name,speziell die,Antworten und,welchem Grund,Auskunft darüber,die Inbetriebnahme,aufweist und,Ausübung von,Führen eines
sollten Sie,so kann,doch ein,in Leipzig,dem Kopf,sein werden,oft die,gleich zwei,einem ganz,fast ausschließlich,das Telefon,den Bäumen,ebenso zu,Teams und,oder wo,rund eine,und übernehmen,viele Gedanken,über Deutschland,die Anweisungen,auf alte,Aufmerksamkeit von,Fragen wurden
Von der,den großen,wenn diese,noch kein,möglich zu,zu lange,habe in,neue Wege,vor Jahren,fand im,haben werden,Vor einem,Licht zu,Mischung von,klar die,nur per,und warte,jedoch kaum,wesentlich höher,des Dialogs,am Bein,Anklicken des,Elementen der
es schon,haben es,gemacht haben,auf meine,Einsatz der,die Marke,und manchmal,nicht daran,z. b.,es sinnvoll,der inneren,uns wichtig,wenn auf,jungen Leuten,für Schulen,ist kurz,und Beine,im Briefkasten,waren seine,der Gipfel,Systeme in,Angebote werden,Der Hauptgrund
von ihm,haben in,dabei ist,Menschen die,werden hier,mehr Geld,Konzept der,ich sehe,und hoffen,Schon seit,am Vormittag,ziehen sich,sind etwas,jetzigen Zeitpunkt,ein absolut,ich zuerst,trennten sich,höher der,und Präsentation,der Einheimischen,Projekten im,Aber sonst,Bitte die
und wurde,Das kann,am vergangenen,die Gesundheit,die Rechte,Beispiel in,der ganze,sehr auf,gibt ein,Spaß am,Die gute,im Tal,immer schneller,es aufgrund,die Züge,doch gut,sichtbar sind,ergänzt die,sondern darüber,damit seinen,Neuauflage der,zum Vergrößern,Bereits Ende
und natürlich,nicht über,sich viele,von Frauen,erst dann,denen er,die etwas,Dies sind,Leistung von,noch alles,uns zur,der Beteiligten,gaben die,ein Unentschieden,die Navigation,dieser und,müssten wir,des russischen,möchte eine,dabei viel,Maßnahmen ergriffen,wissen wo,Antwort vom
dieser Zeit,von bis,auf Wunsch,läßt sich,dass ihre,für kleine,Am Mittwoch,zu vielen,nach dieser,ist schön,der Beginn,dem Sofa,die Kriterien,die interne,die Erarbeitung,diese sehr,im Universum,den eine,mehr Komfort,ausführlich beschrieben,Jedoch gibt,wir jede,Antritt der
stellt sich,mir ein,oder nur,vor Augen,bekommen Sie,Mutter und,B. das,und Ausland,den Wunsch,zu kümmern,der Aufgabe,Fall in,Zürich und,des Blogs,den Feldern,die Leipziger,einer Diskussion,alle zum,ja nix,Woche zuvor,Ja es,von C,Andrea und
die richtige,sondern die,fast alle,eine entsprechende,gerade im,zu schnell,ein Auto,nicht nötig,mit solchen,die vielfältigen,den allgemeinen,sie sehen,Tage auf,Meter lang,als zum,das Ansehen,eine rasche,all unsere,gesundes und,Termin der,Familie als,und Konstruktion,wünschen würde
ist von,das er,Die von,schon von,bisher noch,geeignet ist,viel Freude,machen das,findet Ihr,aufgrund eines,findet ein,der Länge,weißt du,vorgestellt wurde,Sport in,Stelle auf,durch mehr,Tiere im,geschlossen wurde,Sie besser,Experten sind,und Fahrzeuge,von Übergewicht
zu schaffen,da er,gegenüber den,mehr Menschen,Anbieter von,er wieder,Vermittlung von,die App,Im Internet,Schule in,denn schon,den Globus,verschiedenen Bereichen,unserer Produkte,Habt Ihr,Saison zu,alles Wissenswerte,Revolution in,für Linux,Regelungen zum,Beginnend mit,so verändert,vollzog sich
oder gar,der Frage,liegt bei,aufgrund von,zu legen,Jahr der,Kosten und,zur Entwicklung,Geist und,Stadt mit,dabei im,bleibt in,die österreichische,und hören,ohne jeden,Kontakt treten,Und aus,Ob für,der Energieverbrauch,Jugendliche zu,Anstieg um,so ausgelegt,vieles von
wäre es,nicht durch,hieß es,und dafür,werden könnte,kommt aus,eine spezielle,miteinander zu,fest und,vergangenen Jahres,und dient,Zu guter,Im gleichen,die wichtige,die spezifischen,Ereignisse und,Rom und,In München,aufgesucht werden,Indiana Jones,welche Folgen,siehe unter,verbindet man
aber noch,den Ball,in London,in Betracht,und besonders,sich hierbei,als andere,von sechs,man heute,Jahr eine,die Linie,letzten Saison,Grundlage von,dann sehr,die Reifen,zu unterziehen,Rang und,Erst mal,abgegeben und,Im Anhang,vorbei kommen,sicher viele,und strukturiert
Ich hatte,dem der,es hat,der Begriff,mit nach,gerecht zu,sich gerne,wird oder,zur Geltung,so ähnlich,des Geistes,er heute,die Römer,dann keine,beispielsweise von,nur zwischen,Millionen Einwohner,Energie ist,Tat ist,Fragestellungen und,viele Details,schaffen das,und echt
dann noch,und mir,hatte das,Form eines,komme ich,Man könnte,dort zu,eher die,sondern von,der weiteren,sehen wie,einem Spiel,den rund,angesprochen und,auf deinem,mehr erfahren,Ihre Frage,Dieses Seminar,Steine in,Duschen und,versuchen es,relativ klein,und Katze
in Verbindung,sind eine,der Luft,zu denen,Schüler und,was mich,Wer das,per Post,Gefahr für,Wasser zu,gibt er,Der im,ist extrem,Meter über,Veranstaltung zu,es unsere,wieder zahlreiche,wirkt er,Staffel der,Du kennst,und demnach,oder weiß,stellt nicht
der ganzen,nicht alles,der Hochschule,zu jeder,einen ganz,oder zur,die Entstehung,sehr schöne,und hoffe,und fand,eine reine,wie schön,durchaus eine,Die sich,Teil dieses,doch klar,seine Wirkung,und finanziell,Palma de,Dazu passt,und Sinn,noch enger,sieben Monaten
Und wenn,gegenüber der,die entsprechenden,und gegen,die Saison,Kirche und,zu laufen,Verhältnis zu,diesen Jahres,mal nach,Hat der,und Zubehör,der israelischen,Alle Zimmer,das Argument,die Träger,nur sechs,so schöne,Mehl und,Berliner Morgenpost,tun sollen,nach Themen,sehr schlechten
Auch in,wird sie,andere als,der ehemaligen,bleiben und,der seine,Aufenthalt in,Uhr mit,konnten sie,dieses Projekt,Durch ein,jenseits des,bestimmt ist,und sieben,Welt an,den Kläger,liebe dich,problemlos mit,Entwicklungen auf,von guter,sucht einen,modernes und,schließen lässt
war und,so genannte,die aber,ist ebenfalls,für weitere,am Arbeitsplatz,gerade noch,meine Mutter,gegen Ende,so muss,eine enorme,Niederlage gegen,arbeitet seit,später von,Personen sind,dem neu,dem Fest,klingt wie,wie zwei,von Rudolf,sieht alles,lang wird,rasch wieder
sie das,den Jahren,eigentlich nur,ein Ende,der Nutzung,die Ecke,es mehr,ein von,sogar auf,zu verschiedenen,der vorliegenden,Mit ein,Leute auf,ich jeden,Muskeln und,Praxis des,ab Anfang,hier jemand,wen man,verfolgt wird,mal testen,jeder Mitarbeiter,praktische Arbeit
etwas zu,die Seite,sollten die,für Frauen,der Realität,ist deshalb,der Hamburger,also nur,Die Schüler,herzlichen Dank,den Frieden,nicht genutzt,mich durch,es irgendwie,Gewerkschaften und,Karten sind,Times Deutschland,einbringen und,vollendet haben,und Zusammenhänge,irgendwie so,ist erstmals,nochmals um
es den,Verfügung gestellt,Egal ob,Planung und,obwohl ich,sondern der,stehen im,Mal die,dazu auch,meist in,von Mitarbeitern,hoffen wir,die selben,die Bemühungen,Das scheint,Die Kurse,Parks und,ein weit,viele Tipps,spart Zeit,in Word,ihn beim,nach Abs.
nicht möglich,mal eine,sagte der,ein Mensch,von verschiedenen,heute mit,sollten sie,den vier,nur kurz,Farbe und,erstmals die,Vergangenheit an,stellte ich,der hiesigen,Aufstellung der,Branche und,Freunden zu,ein Event,und Dir,so offen,im Entwurf,gut funktionieren,möglichen Punkten
und noch,mehr so,findet ihr,an uns,mussten wir,das Gebäude,wegen einer,Samsung Galaxy,eigenen vier,Auch ich,Die Stiftung,während man,Publikum und,der Verfasser,von Georg,zwei Kindern,Abhängigkeit der,eigene Geschichte,entnommen und,so herrlich,hören sind,ersten Klasse,mir sagte
von ihnen,er ein,Eine weitere,die Kraft,Das Haus,sondern das,sie können,viel von,der zuständigen,im Verein,haben jetzt,seit ich,Empfehlungen für,der Existenz,und beschreibt,von La,zu weinen,des Gemeinderates,eine Uhr,noch welche,heute gegen,emotional und,mich vielleicht
von denen,denn der,der richtigen,man nach,sich allerdings,Liebe zu,kaum ein,wichtig sind,nicht darauf,zum Verkauf,es gegen,Was der,uns. Wir,also ohne,tägliche Arbeit,von Dateien,suchen sich,der Worte,doch hat,noch irgendwo,habe nämlich,ein musikalisches,meine beste
werden muss,zu arbeiten,Vergleich zum,einem bestimmten,mal an,ist vom,Das mit,und Musik,die Karten,besteht in,zu welchem,Projekt mit,und Wetter,Wann ist,muss dem,und Koordination,nach Australien,der Humboldt-Universität,die großartige,muss halt,genau hin,die selber,mein Kollege
der Vergangenheit,einigen Jahren,nicht sehr,konnte er,von Frau,Mitarbeiter und,Aussicht auf,du den,hier als,Zwischen den,ging mit,Es dauerte,bereits mehrfach,fördern die,kenn ich,gilt ein,lud die,den warmen,die digitalen,hätte nie,ganz billig,der schnellsten,im wirklichen
mal ein,und seiner,Hier wird,es also,jetzt ein,und ihrem,sie einfach,allein die,der Produkte,Der Deutsche,Nicht immer,mehr vom,zur Schau,bringt Sie,keiner Zeit,genau sagen,immer sie,dem Argument,der momentanen,hatte sogar,führt diese,der Sucht,ganz gewiss
die bei,einmal die,wir wieder,alle die,nämlich die,hat noch,hätte er,Die einzelnen,Verhältnis von,geht weiter,angegeben werden,noch und,hat unser,Süden und,identifiziert werden,diesen neuen,ihre Position,Klimawandel und,der Anordnung,gerade sehr,eines Staates,der Journalisten,für reichlich
da ich,an Bord,nicht anders,ein Mann,in kleinen,muss und,kurz und,im Inneren,weg und,den Staat,Die großen,nicht stimmt,ganz unterschiedliche,Mitte September,ich bekomme,Was dann,gedacht werden,Herrn Jesus,der Angreifer,für gewerbliche,durch dessen,der Fußball-WM,für Fahrer
New York,dann wieder,aller Welt,allem bei,von nur,Vielleicht ist,und weil,befasst sich,der Unterschied,sogar schon,und schreibe,erhöhen und,die Strategie,Die übrigen,euch selbst,Bus nach,ein typischer,Erst jetzt,daran teilnehmen,finden immer,die permanente,der Buchmesse,folgende Adresse
Er hat,mich auch,für mehr,wir nur,diesem Abend,nach ihrem,mich der,Haut und,werden unter,ich denn,also bei,de Janeiro,Zeit nur,es dagegen,einem Alter,und stärkt,ein gemeinsamer,Der Wagen,Wortlaut des,einen Stand,auszugehen ist,den Onlineshop,extra aus
zwischen dem,mit meinem,erst in,bisher nicht,würde sich,Hersteller von,eine positive,verkauft werden,natürlich noch,unter Leitung,zumindest nicht,dass ist,über Ihren,einen perfekten,bis August,meistens auch,der Vorlesung,zum Teufel,Was habe,einen Bonus,als Sicherheit,damit abfinden,erzielt hat
hier die,diesem Tag,jetzt in,Jahren die,gut gefallen,wird dieser,die Bildung,man vor,Vergleich zur,umgeben von,und mittlere,Grüße von,und mögliche,York City,Kindern aus,ja als,den anstehenden,weil seine,Twitter oder,durchdacht und,Wirkung nicht,bewältigen zu,erstellen oder
das war,daß der,glaube ich,sie zum,am Morgen,Ausbildung zum,wieder bei,schafft es,mindestens zwei,Das einzige,die Meisterschaft,Dann können,und Ländern,Sie liegt,Euch auf,einer intensiven,als Grund,war sofort,Störungen im,die direkten,Tabellenführer aus,bereits oben,erste Phase
nichts mehr,gerade in,aber so,mit unserer,was ihr,sogar mit,auf deren,an unserem,bis an,Lust und,dich in,wir ganz,nach Maß,Im Allgemeinen,und Technologien,der angegebenen,aber tatsächlich,und Gärten,Stadt aus,die Einweihung,Statistiken und,aufgeführt und,erledigt ist
Sie einen,ihr euch,zu Fuß,Einer der,allem durch,die Leistungen,sein müssen,ihr hier,und sorgen,und sonstigen,ihrer Familie,das meine,Im Auftrag,Eltern nicht,stehen mit,der Bereitstellung,Nordrhein-Westfalen und,um wirklich,So will,bezeichnet den,Seite her,aufgefallen sind,erhältlich in
nur einen,die Sache,sowohl die,im Kampf,Entscheidung des,notwendig ist,sich darüber,schneller und,hat dann,ausgeführt werden,dürfte die,Rolle von,Die Verbindung,Besitzer eines,oben nach,den Empfang,Mit meinem,parallel dazu,Prozesse zu,an Vitamin,Relevanz der,an einige,einer vergleichbaren
bereits in,zu verhindern,schon mit,im Westen,den Deutschen,ohne Probleme,in Niedersachsen,Und diese,schon heute,vergangenen Woche,zum Detail,worden wäre,unter Beachtung,Bayerischen Wald,nach Wahl,Region mit,Ich fürchte,paar wenige,Produkten der,am und,Qualität auf,ab Lager,einer Sammlung
und dabei,sowie den,und einige,seitens der,ab der,zu vergleichen,Deutschland zu,ein Blick,sich daran,verbessern und,gelernt haben,sofort ein,perfekt zu,in Norddeutschland,gerne etwas,Platz nehmen,Der französische,hatten am,Organisationen wie,Teil zum,Nur mal,Willen zur,einem romantischen
noch zu,Platz für,Wir waren,doch der,in NRW,auch selbst,ist nämlich,geschrieben und,mich selbst,und setzen,der Ausbau,ist weit,dir einen,in Dubai,einer etwas,Gebieten der,Das hilft,die alleinige,Im Bild,Sache auf,Forum in,Wettbewerb auf,eine bittere
dann in,in Köln,geht um,auf ihrem,In seinem,des öffentlichen,die Person,die Banken,leider noch,schaffte es,die Altstadt,einen Raum,den Landkreis,fand man,die schwarze,Auf seiner,Bücher in,des Glücks,Falls Ihr,Man benötigt,Forderungen von,Wer unter,ein stärkeres
wie möglich,zu spielen,Kunden und,wir mal,Er wurde,Art des,nach zwei,dem alten,Alles was,als für,aber etwas,überhaupt erst,den Hochschulen,das Einkommen,die Kenntnis,Arbeit die,Ansonsten kann,den Schuhen,Eltern ein,Ihr bei,Euro fällig,State of,ein Blitz
wird durch,im Haus,die Mitglieder,seit einigen,Mädchen und,man durch,Jahre alt.,Wind und,Die Folge,die aufgrund,Der Vorsitzende,wichtige Informationen,Kommt es,beeindruckt von,Durchführung und,zehn Euro,vier weitere,dass etwa,Die vierte,Gast war,Ergänzung für,Seit jeher,ein Betrieb
die Kosten,Teilnahme an,Hilfe der,liegt das,zu sammeln,genau richtig,nicht ins,wir vor,die geplante,Bereits seit,vom letzten,diese bei,wichtig wie,Morgen des,Die entsprechenden,vor fast,entweder über,bitte unter,zum traditionellen,Erinnern Sie,Dipl. Ing.,Leute bei,durch Bewegung
nur der,mit ein,das nur,würde mich,Jahr für,über zwei,vorgenommen werden,die Betreuung,wenig Zeit,positiv auf,sind meine,Noch heute,eine Niederlage,Installation der,Anfang Januar,jünger als,eine Reform,an dir,zu geringen,Eigentlich wollten,Bearbeiten von,Januar ist,diesem Gedanken
kurz vor,und viel,oder durch,ist eines,gerade bei,Es gilt,den Kontakt,und Eltern,nie in,gut geht,mir etwas,allein im,des Senats,Ängste und,was wie,jedenfalls die,die Absicherung,Spannungsfeld zwischen,von bereits,Blick zum,August im,Info und,die üblicherweise
diesem Fall,bei dieser,habe es,mit dabei,im Wasser,den Teilnehmern,alles gut,kommt eine,auf Ihr,gleich noch,von Christian,zum Auftakt,Samstag im,von allein,und Frankfurt,Schluss der,den Betreiber,Pfeffer würzen,verschwunden sind,Ball ins,Anzeigen in,Gruppen im,die eindeutig
auf ihre,im Hinblick,hatten sich,geht in,Zukunft der,So war,allen Dingen,die Damen,über viele,gegeben und,wollten die,ich gebe,Na dann,und Christoph,platziert werden,Nicht ohne,Nur im,Gespräch kommen,sich stetig,Akteure in,wohin er,Glas oder,die Zusammenführung
In dieser,und einfach,so einen,mit großer,Zeichen der,ganz ohne,der weltweit,ohne eine,bis das,in all,der Hansestadt,ein letztes,Kunden an,im Nacken,hat dort,Anmeldung für,Mal für,Er darf,nämlich bei,öffnen Sie,wie teuer,Erfolg unserer,die Sauberkeit
was er,schon sehr,aus Deutschland,und Entwicklung,Hinzu kommt,die beim,viele verschiedene,ich Sie,Geld sparen,war wohl,Stunden lang,bisher keine,Eltern der,etwas später,diese Chance,zur Bewältigung,Holz oder,Darin wird,jedoch zum,Überarbeitung des,werden zukünftig,Er wolle,des Königreichs
und ihr,sind aber,in ihr,es werden,So hat,der Software,noch gut,immer gut,die ideale,ein nicht,sie mehr,Erfolg bei,diesem Rahmen,die ehemaligen,die gemeinsamen,und rein,waren oder,zunächst zu,i n,vierzig Jahren,weitere Besonderheit,Dies gelingt,des Eingriffs
hat einen,und unter,dabei nicht,nach seiner,geben Sie,zu schauen,zum Jahr,Anwendung von,bin ja,den Beinen,der Beitrag,war uns,Wie werden,Mitgliedern und,deutlich und,und konzentriert,und effizienter,zu kennzeichnen,großen Städten,und lustig,weil dieses,Der Sachschaden,der indigenen
aber nur,mich in,Unter den,man nun,kennen zu,Und natürlich,wird uns,Entscheidung für,Buch von,zu schicken,natürlich sehr,stark in,Rückkehr in,I S.,der Kommune,mich mehr,und Städte,vielen schönen,geistigen und,und Vollständigkeit,war besonders,Da heißt,der gar
Um die,ein Teil,Kinder in,sowohl in,im Wert,obwohl die,werden an,das Material,Vertretern der,zu bilden,die beide,aus Köln,Reise mit,seien nicht,denen von,ich bitte,sie dadurch,so unter,es unzählige,und Not,vor für,Anmeldung erfolgt,der bloßen
ab sofort,und seinen,konnten sich,der noch,kommen wir,der guten,mit hohem,Spiel in,ihn an,erfolgt durch,Schule zu,England und,nicht gesagt,es Euch,braucht das,des Auges,saniert und,mit Microsoft,eine Fehlermeldung,und Klarheit,uns täglich,zum Titel,der Hals
der Seite,zwei Jahre,zeichnet sich,junge Menschen,auf unseren,Vorsitzende der,schnell in,Situation der,Jahr ein,Kauf eines,Organisationen und,teilen sich,die Begründung,eine wirkliche,bewertet und,der Browser,nichts verloren,manches Mal,die Landwirte,und Friedrich,sein Ende,zu Pfingsten,den Gelenken
es keine,auf Platz,der Ausbildung,Jahren mit,Antrag auf,zu verlassen,in nur,in Angriff,ein voller,die moderne,Entstehung von,sind beispielsweise,den örtlichen,auf Nummer,ausschließlich der,dem wird,lange Strecke,jede Gelegenheit,die Junge,spätestens in,lokaler Ebene,wirklich sein,das findet
man sie,mit unseren,ganz schön,Form des,einen solchen,direkt mit,Wochen nach,im Übrigen,Fähigkeiten und,soll nicht,ob ihr,jedoch sehr,als unsere,Webseite von,Wir sprechen,Journalist und,im Naturpark,hielt es,der Pharmaindustrie,sitzt im,in bewährter,und wären,betreiben wir
aber in,so sehr,sie so,allem der,sehr schwer,der Grenze,am Herzen,der ehemalige,sich weiter,kann über,ich komme,im Theater,Wer sein,Herzen liegt,Unterschied zur,Der Betrieb,ich zusammen,ganz eindeutig,bin am,nie für,höher zu,und schwarze,ausgiebig zu
An der,zu schreiben,habe und,die SPD,dem deutschen,und gar,in sehr,sind einige,die Türkei,Mal im,einer Veranstaltung,Heute haben,Fall eines,Einfluß auf,Jahr mehr,zum Beruf,eine Insel,diesen kleinen,bei unterschiedlichen,jetzt beim,hätte einen,und Lesen,aus freien
dann ist,ist jetzt,für dich,den Inhalt,Was soll,er zum,nach Angaben,Weitere Infos,mit guten,zu stark,deshalb ist,der Quelle,Afrika und,Warum das,vorbei zu,sind jederzeit,diese zwei,des Gastes,Publikum auf,in Geld,hatte dem,und Angestellten,allzu große
mit allen,ich denke,bzw. die,Bundesrepublik Deutschland,sind aus,der Deutsche,findest du,zu beschäftigen,einem Monat,man ihm,schon gesagt,auf Bundesebene,zu entziehen,Testen Sie,und politisch,seine ganz,der Überwachung,angemeldet werden,Oder hat,genauso schnell,hatte da,trat das,aktive Mitglieder
möglich ist,ich immer,Nachdem die,gibt eine,Schritt für,geben wird,Gesellschaft und,die Beiträge,ich nie,ist zur,nicht bis,Und nach,die Stabilität,Institute of,sie sicher,in weiß,das einfache,Wort in,Nach knapp,einmal ins,geschätzt und,seiner Stelle,abgenommen hat
ist als,Die ersten,es natürlich,Erhöhung der,des Abends,Herz und,den Mittelpunkt,mit welchen,um ihren,ein Land,zu bewundern,Arbeit am,die Mannschaften,Bestätigung der,sie darauf,geraten ist,Ursprünglich war,Quelle des,Lohnt sich,dann da,geboren ist,sei den,Zur Not
dass auch,sehr schnell,Das erste,Unterstützung von,die Aktion,Angebot für,Angaben der,Verwendung der,die Bereitschaft,einen Mann,schließlich in,besichtigt werden,Fakultät für,überwiegend in,nach meinen,die Station,Schönheit des,Mitteilung des,Highlight in,beste Beispiel,fängt der,sehr konzentriert,Wochenende auch
können und,Zeit der,Heute ist,einmal eine,und konnten,zwei bis,wird dieses,Der letzte,und Thomas,Geschäftsführer des,Sie unser,und meinte,öfter mal,und verkauft,inspirieren lassen,der International,zur Aufklärung,Mitarbeiter auf,Fast die,aufbauen können,finden für,schöne Aussicht,Verletzungen des
als er,macht es,ob Sie,die jungen,anhand von,die Mehrheit,Schauen Sie,zu erzeugen,CDU und,teilweise auch,Kinder nicht,einer erfolgreichen,sie einmal,sind außerdem,ein Unterschied,der Insolvenz,wurden so,Kinder den,Fahrzeug zu,Zu meinem,essen gehen,schwer möglich,Verein auf
und viele,und Jugendliche,Mitte der,Und sie,gerne mit,Am Abend,auch sie,man natürlich,Inhalt des,aber zum,doch den,des Angebots,möglich machen,notwendig und,diese Erfahrung,dem Geist,welches nicht,Highlights des,Erforschung des,Teil werden,es anderen,richteten sich,Tages mit
einfach nicht,die Daten,liegt die,sein Leben,was von,aus unserer,die Pflege,kam ich,Bau des,gekauft und,der Freizeit,den Banken,gefunden wird,machen einen,der Sektion,dass Herr,sind gegen,Dich auf,Die Angabe,Sie beginnt,einmalig in,reserviert werden,Tagen schon
Da die,steht die,mit etwas,dabei um,selbst nicht,habe eine,während einer,zur Wahl,ein zu,ohne einen,den Kommentaren,Nach ein,der Einnahme,der Islam,also über,besteht bei,sich überlegen,Dennoch war,Dann gab,Pfarrer und,eine unverbindliche,oder halt,Stunden wieder
das Buch,uns auch,der drei,der Produktion,zu hoch,die ja,bitte an,Reise in,Weil die,man schnell,Vorteil der,Entwicklung zu,denen in,am Bau,Sie viel,bekannt durch,nachvollziehen kann,wann ist,Auf ihrem,Musik die,ehrenamtliche Engagement,oder ab,Stunde Zeit
das Internet,Unternehmen und,so aus,sondern um,eine größere,Eine solche,werden es,unterhalb der,tut mir,Trennung von,genommen hat,Woche für,das Tal,allen Teilen,Prenzlauer Berg,Ihren individuellen,ich seine,sehr überrascht,zu stehlen,Hand anlegen,der Bahnstrecke,nicht versucht,Spitzenspiel der
den ganzen,auf unserer,auch weiterhin,war mir,sind nun,das Glück,Schweiz und,über Ihre,ebenfalls nicht,Auch diese,der Schwerpunkt,Wasser im,Zeiten und,V. m.,und Bedeutung,Euro kostet,die logische,regnet es,werden pro,Flächen für,das Andere,ml Wasser,Rezeption und
die neuen,er eine,Schutz der,Bilder von,ist ab,zwei weitere,gestellt und,gleich die,dir die,Wochen in,schlimmsten Fall,Namen zu,Mitten im,Fällen die,sollte so,Die Ziele,der begehrten,liefert eine,uns herzlich,Euro kann,darauf gewartet,mit ersten,Regeln zur
der Natur,in ganz,habe mir,zu stehen,und wollen,in Baden-Württemberg,der Ort,nur bis,war nach,Zeitpunkt des,scheint das,Denn wir,so nach,zu erkranken,ihn ist,sind recht,der Konzentration,kopiert werden,und speichern,Diese Technik,dahinter ist,meist am,Recht mit
genutzt werden,wir unsere,aber keine,sie uns,er selbst,die politische,Ob das,sich neben,daß ein,machen zu,nahezu alle,Dadurch kann,sie kein,sofort auch,häufig von,sich Kinder,dem Museum,km lang,trotz seines,Außerdem gab,beteiligt gewesen,letztlich der,Praktika in
seit Jahren,er von,auch einige,nach seinem,Durch eine,Es wurden,nicht vorstellen,den sich,eigenen Angaben,ein Traum,ihrer Kinder,nach Wien,des Begriffs,für Freunde,es jedem,möchte euch,anderem über,im Wahlkreis,sich mitten,überzeugen konnte,ausgehen kann,jeder an,Namen nennen
oder das,Es hat,sind so,der uns,sie werden,mit unterschiedlichen,ihn auch,den Antrag,Gegen die,Familien und,im Boden,lange vor,begeistert sein,erhält einen,ersten Minuten,jetzt muss,V. hat,haben könnten,nicht deutlich,ähnlicher Weise,aufs Herz,ich kannte,Morgen nach
dem Motto,erst nach,sie haben,können nicht,machen können,von jedem,ersten drei,Sie also,der Kommission,überhaupt keine,heute für,ihn nach,Selbst der,die weder,des Sohnes,im Bestand,Opfer gefallen,einem herrlichen,mitbekommen haben,wählen kann,aufgebaut wurde,hohes Niveau,Milch oder
Ich war,wird dann,einen oder,zu achten,den Aufbau,zu reden,Es liegt,und internationalen,haben will,im internationalen,einem speziellen,des Flughafens,Gründer der,der Dusche,darauf verlassen,ein ganzer,Keine Sorge,die DJK,löst die,welche vom,auch manche,hier raus,Kommunen im
Zusammenhang mit,der alten,noch heute,die Nacht,es wurde,stellen die,Jahre alte,Menschen ist,Viele der,bzw. in,Richtung der,der Laufzeit,integriert und,den vielfältigen,Social Network,ein Schreiben,Gedanke an,der Europameisterschaft,ist einmalig,viele Anbieter,andere wird,gut besetzt,Häufig gestellte
heute noch,ich finde,zusammen und,Was ich,du hast,Ich konnte,Jahren als,steht eine,Grenzen gesetzt,Mehr dazu,zu bestimmten,nicht wundern,diesem Forum,das historische,Nutzung eines,die Tickets,Bahnhof in,beachten und,ins Stocken,viel Lob,Verbesserungen für,fortgesetzt wird,Grundsätzlich wird
denen die,die letzte,sogar die,dass mit,ich selbst,nicht etwa,Euro an,doch mit,Wir machen,sagte sie,on the,mehr denn,dass einem,begrüßt die,Mehrheit von,das Gebot,wird wegen,Zustand ist,gebildet wird,und zeichnen,Unruhe und,folgt man,Einspruch gegen
Wer sich,Auf die,nicht richtig,kann mir,die Notwendigkeit,alle Beteiligten,hier schon,des großen,per Email,in Brasilien,dem Meer,kleine Kinder,Beine zu,Monaten nach,will eine,bei Weitem,vor uns.,Vortrag mit,freigegeben werden,und standen,Umbau und,etwa nur,Eine Weitergabe
es hier,mit ihnen,zum Glück,mit Sitz,ihre eigenen,mit jedem,die lange,der Agentur,lange auf,eine Mail,Fahrt nach,Meinung ist,der konkreten,Linie der,wer mit,ausgestattet sein,von bekannten,Störungen des,du also,und plant,Städten der,erkrankt ist,Die spanische
Ich denke,Arbeit und,die Auswahl,zu prüfen,doch sehr,dieses Thema,das du,nur sagen,macht er,Sie so,natürlich immer,wenn nur,Wissen Sie,sie seien,und ruhig,auch danach,und fiel,Geld mehr,der entscheidenden,so verstanden,Möglicherweise ist,einmal zurück,Die Reform
die ein,gilt als,zu seiner,der Mitarbeiter,den Verein,kann hier,Online Shop,zu benutzen,Vater und,Lehrer und,langsam und,sind häufig,Glück hat,schafft die,schlimm ist,als wichtige,und Geschmack,Das eigentliche,der Steuererklärung,so blieb,Jeder sollte,einen Rundgang,Deutlich wird
hier in,dann nicht,dass dies,und seinem,was mir,er wird,den jungen,so werden,muß ich,geprüft werden,Wirkung des,für Studierende,Bundesanstalt für,lediglich das,nicht beurteilen,Selbst das,spannend zu,Das Zimmer,bei Sonnenschein,sitzt auf,Güter und,eine Zahlung,Das Präsidium
es einen,noch den,Das gilt,Und zwar,in Spanien,Für viele,schon ganz,Küche und,der ganz,ans Herz,oder ganz,drei weitere,wird doch,den Nachbarn,erhaltet ihr,Jahren zuvor,oft durch,Computer oder,außer bei,sein erster,Geld kostet,ein Akt,Bau neuer
ist mir,noch der,ist wieder,von selbst,Haus der,denn so,durch unsere,der FC,Beruf und,frei und,gefallen und,der Weiterbildung,nach fünf,aber manchmal,eigentlich sehr,Bedingungen in,nach bestem,Alltag mit,aber sofort,ohne Kinder,Das Handbuch,durch individuelle,Auftakt zur
und war,von diesem,sollte der,versteht sich,gehalten werden,manchmal auch,So haben,Hartz IV,Jahr später,den europäischen,einer alten,fragte er,lediglich einen,zu schieben,dort schon,Abend ist,in Straßburg,A wie,Wünsche für,möge sich,Bilanz von,die aktiv,Akteure im
Form von,in Ordnung,und hier,Einblicke in,Geschrieben von,ersten Tag,den Griff,eine besonders,Himmel und,und meinen,eine super,am Ort,eine Untersuchung,verletzt worden,des Kindergartens,zu laut,es offenbar,wissenschaftlicher Mitarbeiter,Vergangenheit angehören,mich interessiert,Arzt aufsuchen,die Geschäftsführer,welcher eine
oder im,oder so,in seine,länger als,die Einrichtung,schön und,Sie suchen,Version des,sich einmal,sowie deren,in Rheinland-Pfalz,um als,diesen Bereich,und nahmen,baut auf,wieder hier,die künftigen,schreiben können,Songs aus,inzwischen fast,Anbieter wie,der geht,von nationalen